declared_income,No_of_companies_worked,current_employer_tenure_months,earliest_start_year,total_experience,average_employement_tenure_months,total_assets,total_liabilities,net_worth,num_assets,num_liabilities,asset_to_liability_ratio,property_asset_value,investment_asset_value,family_size,dependents,Age,Gender,marital_status,Disability,Housing_type,Social_support
4398.847839874308,2,7,1998,27,13.5,110327.35814838822,24345.375083752977,85981.98306463523,4,3,4.5317584045774595,41026.124685725415,17945.31875086688,5,4,56,Female,Married,Yes,Owned,1
5052.878935203924,3,12,1980,44,14.7,121113.30836955707,30715.259046919597,90398.04932263747,4,1,3.9430990370144183,82821.844056133,24870.842846314805,2,1,69,Female,Divorced,No,Owned,1
4970.472218767551,1,15,2003,21,21.0,122063.26785830907,53922.645447063485,68140.6224112456,1,0,2.2636735799273806,55424.66395861664,20122.151039487682,7,1,46,Female,Single,No,Renting,1
5735.098530762978,4,2,2015,9,2.2,55665.33378345003,22243.845501274216,33421.48828217581,1,3,2.502504963912885,24305.03518628844,6802.692588693568,4,2,32,Female,Single,No,Other,0
6610.41975265487,4,6,1990,34,8.5,63346.74189828752,13234.791461892633,50111.95043639488,4,2,4.786380055982284,41165.39358034175,11944.21767861612,2,1,60,Male,Married,No,Owned,1
5279.763801437664,1,5,2018,6,6.0,145434.53481882063,21378.983670538826,124055.5511482818,2,2,6.802687024792285,76432.65623878545,21909.79460727504,5,3,25,Male,Married,No,Renting,1
4619.306175360534,2,4,2015,10,5.0,85444.64007617108,17157.222946902268,68287.41712926881,5,0,4.980097323477287,43284.352388155974,24082.270638088045,1,0,38,Male,Single,No,Other,1
5367.1453071437045,1,14,1991,33,33.0,33987.13201577864,15916.261624128689,18070.87039164995,5,3,2.135371535000086,20079.297414161145,4090.3821202513304,3,2,56,Female,Married,No,Owned,1
4581.144549110568,3,2,2015,9,3.0,315745.58741696813,105028.20243850596,210717.38497846219,2,0,3.0062933582228757,167955.71709330368,34678.503867651176,6,1,36,Male,Single,No,Owned,0
2716.1699695503185,1,16,2007,18,18.0,138061.44596707483,43267.36420235614,94794.08176471869,1,0,3.190891067950856,50393.291753097976,13952.880972234261,7,0,40,Male,Single,Yes,Owned,1
6697.919256934362,1,3,2018,6,6.0,92768.83482336816,31407.579218170384,61361.25560519777,4,1,2.9537085357313417,52848.461612556086,15363.811956457715,6,1,28,Male,Married,Yes,Living with Family,1
6405.158293731705,2,2,2019,5,2.5,72030.97842991565,17749.247488882233,54281.73094103341,5,0,4.058255341531205,25454.851114829096,16716.759862561245,5,2,28,Male,Married,No,Owned,1
8132.500990370894,3,2,2009,15,5.0,114669.48529685083,48487.16716949047,66182.31812736037,4,3,2.3649450357867923,71363.76090631852,28218.182349024355,7,3,41,Female,Divorced,No,Renting,1
8680.748959716413,5,2,1998,26,5.2,150496.66356238848,46550.80019934439,103945.86336304409,2,0,3.2329554576487824,104729.8213732312,28692.540570163055,7,1,53,Female,Single,No,Renting,0
3485.9698016208595,5,5,1999,25,5.0,15436.625596809965,2264.5400253828648,13172.0855714271,4,3,6.816671564107197,6961.224267684969,3656.407592130634,1,0,57,Male,Married,No,Living with Family,1
4616.900119431757,4,1,2013,12,3.0,378848.1884150799,57443.25433313066,321404.93408194924,2,2,6.595172798150077,181052.4430528256,65155.37496257797,7,2,41,Male,Married,No,Renting,0
8777.309395305214,1,1,2024,1,1.0,56772.20679902746,17868.69207478116,38903.5147242463,1,0,3.1771887142849407,18086.118476310243,13259.787244454154,4,1,20,Female,Single,No,Renting,1
5119.174076626648,4,1,2007,18,4.5,80599.76691958056,38254.91320409021,42344.85371549035,2,3,2.1069128163898916,24622.686779281597,8714.38208260646,2,1,39,Male,Married,No,Renting,1
5366.316353820128,2,0,2024,0,0.0,84375.73780742848,18844.54888910894,65531.18891831954,2,2,4.477461270308932,56410.895826316606,15031.588055401984,2,1,19,Male,Single,No,Renting,0
2848.3050724581312,5,2,2012,13,2.6,299966.30094358744,134329.84927070397,165636.45167288347,5,3,2.2330576753576925,105423.04373199178,77442.28057476941,2,1,41,Male,Widowed,No,Owned,0
5515.432947365161,1,6,1995,29,29.0,77778.32084167273,31549.860758822557,46228.46008285017,4,2,2.4652508432996147,37202.26523333362,20269.12421913492,4,2,61,Male,Single,No,Living with Family,1
8047.910562138633,2,6,2009,15,7.5,323525.1827016334,64421.9446170414,259103.23808459204,5,1,5.0219716996256585,202572.65627028688,78690.9511756255,6,2,47,Female,Married,No,Renting,0
7229.938715155293,2,9,1994,30,15.0,126686.92099479372,14510.25110381197,112176.66989098175,3,0,8.73085655709376,83072.09848972889,17843.564497123385,1,0,55,Female,Single,No,Renting,0
4085.023067722185,1,0,2025,0,0.0,36216.74407729989,5097.104942383822,31119.639134916066,2,0,7.105355782681214,18389.380440091285,5412.267313111834,7,0,19,Male,Other,No,Renting,1
4545.5254501473755,2,4,2011,14,7.0,85488.09985631533,33459.83485021951,52028.26500609582,3,2,2.5549468561036397,44967.85272377859,25579.55650205927,4,0,38,Male,Married,Yes,Living with Family,1
3503.649561258605,1,1,2005,20,20.0,64981.765634032825,11688.133412029696,53293.63222200313,5,1,5.559635858293001,36901.42846920044,7841.7136505455055,2,1,50,Female,Married,No,Owned,1
3813.255289625441,1,6,2015,9,9.0,32322.221445674044,8032.342508133237,24289.87893754081,4,3,4.024009361272359,22126.273271291924,4400.106096746766,5,1,29,Female,Single,No,Renting,1
2284.6821068202953,3,5,2010,15,5.0,83312.92295386632,25050.501880791537,58262.42107307479,5,1,3.3257985548684674,45077.95529527157,10497.865779178477,3,2,39,Female,Married,No,Living with Family,1
5222.770488010386,4,2,1989,35,8.8,82696.1828216428,32266.997597939087,50429.18522370371,4,3,2.5628719427841857,43315.442182568055,13688.781238004081,7,2,61,Female,Single,No,Living with Family,1
7445.166019895616,2,6,2007,18,9.0,143699.44935869577,20878.450708888722,122820.99864980705,4,3,6.882668228707106,43945.2537014598,20410.375294193327,4,1,42,Male,Divorced,No,Living with Family,0
5923.147886140624,2,19,1986,39,19.5,98887.78077294264,25962.646876720813,72925.13389622183,1,0,3.808848198047539,32868.30878677151,19731.82964471291,4,1,66,Male,Single,No,Living with Family,1
7239.358484948598,3,2,2005,19,6.3,57337.28741428634,16858.834664788126,40478.45274949821,2,2,3.4010231759400744,30438.56840153039,11192.475958536072,1,0,44,Female,Single,No,Renting,1
6879.874101388998,3,6,1997,27,9.0,162418.10803549073,51377.8542054078,111040.25383008293,5,0,3.1612474002153896,109550.38939227123,45525.978222477825,1,0,59,Male,Single,Yes,Owned,1
4409.787865641058,3,5,2002,23,7.7,47868.246450715655,20456.220192220353,27412.0262584953,4,0,2.340033789278446,30955.271959968817,5119.412718265908,4,0,45,Female,Married,No,Renting,1
3960.7400078903274,5,1,2015,10,2.0,7214.7235913789655,1216.916648699359,5997.806942679606,5,0,5.928691664371644,5000.031211855127,1183.0409047749422,2,1,33,Female,Married,No,Living with Family,1
4018.2231647228164,5,1,2015,10,2.0,81616.48532094868,34534.59406401814,47081.89125693053,5,3,2.3633254576455416,41716.92918769132,17901.072548856606,3,1,32,Female,Single,No,Owned,1
2694.4070773369267,5,2,1997,27,5.4,43668.11175340235,16469.488220211886,27198.623533190465,4,0,2.651455295363182,26863.41603548614,9648.921360311604,7,0,64,Male,Married,Yes,Owned,1
5418.495349193362,1,13,1987,37,37.0,109895.41687853445,35424.603630655445,74470.813247879,3,3,3.10223419926805,69911.08297311218,21542.276106220488,1,0,68,Female,Married,No,Owned,1
1000.0,2,7,1994,31,15.5,250762.30356319866,95242.31843184293,155519.98513135573,2,2,2.632887435879131,140229.45553862528,65983.86434667982,7,2,61,Male,Married,No,Renting,1
6177.123263929579,4,7,1996,29,7.2,398390.9355247109,105496.74654196171,292894.18898274924,2,3,3.7763338546772105,173499.23715698277,44836.6824620606,2,1,69,Female,Married,No,Owned,0
5117.821403578312,1,1,2023,1,1.0,71306.1254000816,11078.050788052828,60228.074612028766,1,3,6.436703239976296,34796.774098841575,18760.467114946063,7,3,20,Female,Married,No,Other,1
5967.15979974226,2,12,1999,26,13.0,46162.469168841315,16909.59386785863,29252.875300982683,1,1,2.7299572969984736,29690.16890939891,9184.062390937464,5,3,54,Male,Married,No,Living with Family,1
6985.524424422203,2,1,1984,40,20.0,142502.07105267092,44156.96323594041,98345.10781673051,1,0,3.2271709965934674,59768.10042017642,18062.442320050617,1,0,68,Other,Single,No,Renting,1
5338.19188250828,3,1,2020,4,1.3,62140.96875904827,22106.644678245364,40034.32408080291,2,0,2.8109633851490705,41603.20785228497,17221.771863734444,2,0,24,Female,Single,Yes,Renting,1
7557.357606482134,3,3,2013,11,3.7,127909.79939406218,30084.322450122905,97825.47694393928,3,0,4.251709494409425,50130.733030561234,29399.52452979351,2,1,38,Male,Divorced,No,Renting,1
5992.918716428315,1,4,2018,6,6.0,52363.383529910236,24230.979312872158,28132.404217038078,2,0,2.161009790557387,31407.901262500247,6949.099457758022,3,0,26,Male,Divorced,No,Owned,1
4064.309729775925,3,5,2004,20,6.7,89773.08064193542,30069.309095504857,59703.771546430566,2,1,2.985538522245456,49574.82219035544,9581.47593064947,3,2,56,Male,Single,Yes,Living with Family,1
4753.433436781182,2,3,2013,11,5.5,42707.75007833818,5729.714189899355,36978.03588843882,2,1,7.453731314142278,25617.807259600446,5476.070126760412,5,2,35,Male,Single,No,Renting,1
1618.0634598747947,3,1,2024,1,0.3,145134.72570048308,40626.34409399627,104508.3816064868,2,1,3.572428898959948,68930.14569445563,32185.017561607314,2,1,21,Male,Married,No,Owned,1
3776.714339291751,5,1,2011,13,2.6,46679.80804922134,18790.60298584181,27889.20506337953,3,1,2.484210223822687,31418.144726303133,6341.883574099553,6,4,42,Female,Married,No,Living with Family,1
4498.505391099914,3,1,2017,7,2.3,126408.13689895101,52794.84184815173,73613.29505079928,1,0,2.394327409153445,69902.29416856973,18348.471625001235,2,1,31,Male,Single,No,Owned,1
6139.410414336498,2,13,1993,32,16.0,33631.09702990574,10016.646291871926,23614.45073803381,5,3,3.357520676076574,13967.610779483293,3532.2050142337384,3,1,67,Male,Single,No,Owned,1
3914.458457187284,1,2,2020,4,4.0,132024.23714014786,60453.76990281597,71570.46723733189,1,2,2.183887578101198,73323.88860248774,32291.29781551797,6,3,26,Female,Married,No,Owned,1
3290.603979098354,4,3,2009,16,4.0,33785.71062708535,6995.918407928817,26789.79221915653,1,1,4.829346006779374,14011.822723496809,8854.318485261347,1,0,43,Male,Married,No,Owned,1
2168.7021454878113,3,0,2024,0,0.0,76647.05383320292,20253.177563746056,56393.87626945687,5,3,3.784445852605569,31996.53924531736,19879.918403708794,1,0,19,Female,Single,No,Renting,1
4235.373722110023,2,2,2012,13,6.5,162450.0154140104,74635.83433056557,87814.18108344484,2,1,2.176568626465831,74700.91837309337,20389.691172493996,7,1,37,Male,Single,No,Owned,1
8096.277703551894,4,1,2008,17,4.2,84847.67187030283,38902.88550332451,45944.78636697832,3,0,2.181012302109365,54384.99610595878,23813.366718381494,4,1,45,Male,Single,No,Owned,1
5786.660552345549,4,7,1986,38,9.5,39152.962309560164,14654.370708146767,24498.591601413398,3,0,2.671760056390136,19581.146220748462,9179.637765338792,3,2,64,Female,Married,No,Living with Family,1
6439.369118532768,5,1,2021,3,0.6,128656.99355788126,57071.24124276765,71585.75231511361,1,3,2.2543226808508443,73535.23458146516,35960.366193218986,4,3,24,Female,Single,Yes,Owned,1
3949.918651003626,4,6,1994,30,7.5,39222.87518442472,5315.064626257644,33907.81055816708,5,3,7.379566937089472,17916.503256569926,7430.0716497645935,6,2,61,Female,Single,No,Owned,1
2669.825359846672,2,1,2021,3,1.5,48752.55738918065,21743.54262648709,27009.014762693558,4,3,2.2421625687523563,19766.34294966827,9135.789127210952,3,2,25,Female,Married,No,Renting,0
3408.3838038678987,2,7,2001,24,12.0,85970.52727145032,19622.597695083485,66347.92957636683,2,0,4.381200114651006,58619.52536994569,22086.456362154724,5,2,64,Female,Single,No,Renting,1
5094.303336263544,3,8,2001,24,8.0,223538.02132931794,38299.351504479055,185238.66982483887,1,0,5.836600687695078,121030.74947614396,26524.925734439777,2,1,52,Male,Married,No,Renting,0
2098.806734781115,3,2,2016,9,3.0,63851.87300133061,12498.872256317716,51353.0007450129,3,2,5.108610736385105,43009.37880464176,13036.94386751329,5,2,31,Male,Single,No,Renting,1
3620.114375385344,3,1,2011,13,4.3,72960.80284179942,19494.207447092853,53466.59539470657,5,3,3.7426914143503676,27824.711232079735,19500.733347355734,6,2,34,Female,Single,Yes,Owned,1
4370.458971043059,4,2,2000,25,6.2,132528.09954493926,26568.809550939397,105959.28999399988,5,2,4.988108303868415,47545.471614531285,35257.57848248441,3,2,53,Female,Single,No,Other,1
3448.612040905048,4,3,1981,43,10.8,73413.41601742529,16754.926223314935,56658.489794110355,1,1,4.381601866755374,47155.57805239937,21379.93743186082,6,0,67,Other,Married,No,Renting,1
2014.475474012756,5,3,2004,20,4.0,100001.17210459395,15399.319936886523,84601.85216770743,4,2,6.4938693730920996,57237.35937854544,23965.732770773266,2,0,57,Male,Divorced,No,Renting,1
5444.480547314637,3,1,2024,1,0.3,185623.27886574756,40553.24882534001,145070.03004040755,3,1,4.577272702988951,69540.3087786488,26275.740984295273,1,0,21,Male,Married,No,Living with Family,1
5068.807167326848,1,0,2024,0,0.0,62888.985657059,20685.038007505467,42203.947649553535,1,1,3.0403127919919717,25642.59903776527,6543.980252211087,1,0,19,Female,Single,No,Renting,1
6188.544801445194,5,1,2023,2,0.4,7471.963701288261,2067.8023173832457,5404.161383905015,4,2,3.6134806690534385,4634.601873589482,1463.6318591619915,6,4,23,Male,Married,No,Owned,1
3624.3613761213364,1,3,1995,29,29.0,38849.26388197233,9272.833847431022,29576.430034541307,5,3,4.1895783447834845,18707.763878979196,7876.329794749216,4,2,59,Female,Single,No,Owned,1
6159.884114571207,4,1,2023,2,0.5,215282.63691931198,85807.53674568862,129475.10017362336,2,1,2.508901258374939,122327.08243653052,31873.13624072699,3,1,21,Female,Single,No,Owned,1
7433.956291730328,5,1,2010,14,2.8,92238.11134737659,42190.080027284916,50048.03132009167,3,3,2.186251158749282,39417.10911039052,11524.182537241762,3,2,46,Male,Divorced,No,Renting,1
5533.322098355282,5,1,2011,14,2.8,64515.06964477613,25981.23073326327,38533.83891151286,3,0,2.483141399540351,29192.55167501119,14015.359098101051,1,0,35,Female,Single,No,Renting,1
4285.095558330009,2,2,2005,20,10.0,181636.34248560652,42284.991542684096,139351.35094292244,4,1,4.295527463976334,126470.66498682508,45926.95531928405,7,1,43,Female,Single,No,Owned,1
5477.620974263866,4,1,1998,26,6.5,76801.7825168735,30549.972439947203,46251.8100769263,1,0,2.513972235747334,30647.508225723825,22935.379345621743,5,1,61,Male,Single,No,Owned,1
4183.318916056634,4,1,2007,17,4.2,15633.554012321096,2513.751557836308,13119.802454484787,5,2,6.21921206317523,7857.151453810248,3934.348386001127,7,2,51,Female,Single,No,Renting,1
3813.5746634818724,5,1,2020,5,1.0,23567.23912628962,3585.2179877507288,19982.02113853889,4,3,6.573446637501416,15030.264514195103,6097.4688896561265,2,1,27,Female,Single,No,Owned,1
6214.890584254988,4,1,2005,19,4.8,119487.81545910297,28468.069393531543,91019.74606557144,2,2,4.1972574187364025,47280.048320946735,26680.694277022118,5,1,53,Female,Married,No,Renting,1
4861.424520319202,5,1,2017,7,1.4,75294.7854026729,31855.789158828407,43438.99624384449,2,1,2.3636138796393924,35093.8079031156,22376.445546423318,5,1,31,Male,Married,No,Owned,1
7017.643480175044,2,7,2003,21,10.5,274220.0637531842,54443.45920102611,219776.6045521581,2,0,5.036786195760609,149734.1679406058,62519.78252039338,6,4,48,Female,Divorced,No,Renting,1
4616.365516134645,5,3,1997,28,5.6,44830.13140657831,5617.276593794566,39212.85481278374,4,1,7.980759120194007,22077.730646740434,12196.066715105746,1,0,65,Male,Married,No,Other,1
4578.2381289949835,4,2,2016,9,2.2,61421.369963096906,9378.049032140521,52043.32093095638,5,2,6.549482707180685,29715.714474487886,17760.414728746186,7,0,32,Male,Single,No,Renting,1
4210.233507152792,4,1,2018,6,1.5,38767.80353045577,17193.442842134453,21574.360688321318,3,3,2.2548016640071027,17251.82347584649,11086.494684751568,7,0,25,Female,Single,No,Renting,1
3419.7248419691923,5,2,2014,10,2.0,47723.6610137386,16870.94955635519,30852.71145738341,1,3,2.8287477746480114,25515.86249679562,8412.873415804956,1,0,31,Male,Single,No,Renting,1
6411.637347924887,5,3,2006,19,3.8,21407.334504599545,4308.878250945894,17098.45625365365,3,1,4.96819201143596,11768.662431375866,2477.5224494906847,7,3,40,Male,Married,No,Renting,1
8488.56749692123,5,2,2003,21,4.2,75578.93671407389,24345.36088743461,51233.57582663928,5,1,3.1044492239621104,42423.65256132235,10155.900008812849,1,0,57,Female,Single,No,Living with Family,1
4556.659142150772,3,3,2012,13,4.3,74389.07239223804,23137.370729331404,51251.701662906635,3,0,3.215104830296664,24410.569026921985,8320.020589714975,6,2,38,Female,Married,No,Other,1
4079.2560844874906,4,1,2014,10,2.5,67236.9246496551,24351.492263000593,42885.43238665452,4,2,2.7611007951169464,37142.596324379825,8141.0056180478105,4,1,33,Female,Married,No,Renting,1
4112.014774439364,4,1,2001,23,5.8,374379.9999176808,72358.30263383564,302021.69728384516,2,1,5.173974323474748,255063.17394076352,51263.94667626452,5,1,62,Female,Married,No,Renting,0
4060.4001585994297,3,1,2016,8,2.7,294142.36458820046,131117.2519030057,163025.11268519476,5,0,2.2433536420195335,151893.49758762,49480.294224542966,6,2,35,Male,Married,Yes,Owned,1
7824.675529361202,5,5,1990,35,7.0,55202.08352377008,12351.324033804816,42850.75948996526,5,1,4.469325181064424,32354.318349322482,11521.112546120568,3,1,64,Male,Single,No,Living with Family,0
4092.279220360163,2,6,2008,17,8.5,16095.936021501991,6078.673079310547,10017.262942191444,3,3,2.647935793139844,8413.231849168807,3900.6313811562486,2,1,41,Male,Divorced,No,Owned,1
4282.09979866569,5,2,2009,16,3.2,70265.44352540205,7479.746524153783,62785.69700124826,4,0,9.39409421141467,45103.12452343737,9990.724917171327,4,3,43,Female,Married,No,Renting,1
3299.4686217735416,5,3,2009,16,3.2,92570.53876475286,23055.882392006366,69514.65637274648,3,0,4.015050787943284,62191.96478682712,21708.20613481358,3,2,42,Female,Single,Yes,Renting,1
5730.473160794606,3,7,1995,29,9.7,44256.44435932536,10651.814831581516,33604.62952774385,3,1,4.154826671236307,16538.100397033544,10659.244944985798,5,1,62,Female,Divorced,No,Owned,1
5099.15565677352,4,2,2004,20,5.0,43868.830993272124,13923.693717320546,29945.13727595158,5,2,3.1506604413957313,20826.464942557344,9288.104876337131,7,1,58,Female,Married,No,Renting,1
3464.2318362961596,5,2,2008,17,3.4,231960.90970892864,29944.878751158976,202016.03095776966,3,3,7.7462631135199,105995.19654702046,65116.89559244349,1,0,46,Male,Divorced,No,Owned,0
3730.755604022881,4,1,2017,7,1.8,59669.975696524074,24825.845516571633,34844.13017995244,2,2,2.403542536212652,27572.663332610005,7291.609139483338,5,2,32,Female,Married,No,Renting,1
7529.400055803337,1,4,2001,23,23.0,156400.44207837203,29264.449676889217,127135.99240148281,3,0,5.344383503028418,54772.947597737795,21180.419061954013,6,1,62,Male,Married,Yes,Owned,1
5049.061634403151,4,0,2025,0,0.0,39963.64758871309,14819.125014142119,25144.52257457097,2,2,2.696761620579836,24995.115134905296,7422.5667539871,2,1,18,Female,Single,Yes,Renting,1
5322.528093170947,2,5,2007,17,8.5,78509.76117065985,33074.97290317494,45434.78826748492,5,0,2.373690868938657,24676.128030027696,9840.613433170216,6,2,42,Male,Single,No,Owned,1
5198.480737539092,2,2,2020,4,2.0,63089.17582818057,20488.259217267554,42600.91661091302,4,2,3.079284343250053,32256.905281262952,13454.348979263968,4,0,24,Female,Married,Yes,Renting,1
7141.938082316765,5,1,2020,5,1.0,55950.80919728932,22176.286894440003,33774.52230284932,2,1,2.5230016848004073,31598.295319705972,10053.246618003921,4,2,26,Male,Married,No,Owned,1
3582.1784565189346,4,1,2009,15,3.8,170047.165196944,62023.7044591048,108023.4607378392,4,2,2.741647998614211,65125.98548184921,26683.65813725537,2,1,41,Male,Single,No,Renting,1
4405.406719735318,5,0,2024,0,0.0,26970.65600391774,6532.614343643554,20438.041660274183,4,0,4.128615985139405,17863.746370047087,3614.0129546055723,3,0,18,Male,Single,No,Owned,1
4976.552190006234,3,1,2001,23,7.7,100013.89435942957,42360.226425793175,57653.667933636396,2,3,2.3610330443968315,63550.79703045331,16709.08606490998,3,2,61,Female,Married,No,Owned,1
2458.2362620654135,2,2,2021,4,2.0,49609.55537670311,10808.957109240857,38800.59826746225,5,3,4.589670851250822,24230.968358969578,10993.074154050619,4,0,25,Female,Other,No,Owned,1
3805.787725127985,5,3,2007,18,3.6,99415.81576297102,32656.620853342683,66759.19490962834,1,3,3.044277489990057,46174.62733235909,21390.01286526213,4,0,41,Male,Married,No,Owned,1
6640.012240921406,3,1,2017,7,2.3,69536.28160098592,27686.502997572326,41849.77860341359,4,0,2.511558848984401,27440.906026391785,9229.189071158311,7,2,28,Male,Single,No,Owned,1
6490.320244495177,5,7,1989,35,7.0,170439.15747246583,42879.4861423088,127559.67133015703,4,2,3.974841417334408,100899.51930937819,21302.161206097273,1,0,68,Female,Single,No,Living with Family,1
6515.600312653047,4,2,2013,11,2.8,44031.73283873509,9735.726248206885,34296.00659052821,5,3,4.522696275159216,15529.882967042324,4638.098100712756,7,2,34,Male,Single,No,Renting,1
4176.364666202899,4,1,2019,6,1.5,178828.73255536088,50740.579176963205,128088.15337839768,5,3,3.524373104447163,102307.04190908397,18327.283893419422,7,2,25,Female,Divorced,No,Living with Family,1
4471.457139821745,4,3,2008,17,4.2,75186.88430050093,32118.739074715395,43068.14522578553,3,3,2.3409039852280427,47892.75166752382,20748.729517415944,3,2,52,Female,Single,No,Renting,1
2517.901757442951,4,4,2005,20,5.0,24038.614604117578,11345.473810907817,12693.14079320976,5,1,2.118784548337352,9408.440445821163,2620.636186902582,2,1,52,Male,Married,No,Renting,1
6597.901813474465,1,16,2004,20,20.0,149213.23622424697,47454.78764041731,101758.44858382965,4,0,3.144324179783324,96476.94556323125,36742.89726235925,3,2,50,Male,Single,Yes,Renting,1
6674.978403149144,3,1,2021,3,1.0,77573.5349833994,28282.262225944243,49291.27275745515,2,0,2.742833453833076,24306.05984601162,21285.946772052153,1,0,22,Other,Married,No,Renting,0
6985.881449803413,3,9,1988,36,12.0,25533.439173800398,11778.81675367431,13754.622420126088,1,0,2.1677422875124908,16982.672225491777,3054.094739736688,6,2,59,Male,Married,No,Owned,1
7626.1368802158595,4,3,2002,22,5.5,122874.4286830566,17130.998094657407,105743.43058839919,3,0,7.172636877554559,42679.80505486979,23009.500505722892,4,1,56,Male,Married,No,Owned,1
5963.162890234858,1,28,1991,33,33.0,182494.62920926133,35190.70052696553,147303.9286822958,2,0,5.185876566151942,101887.42145728985,53372.48814119727,4,1,58,Female,Single,No,Owned,1
7555.322754820038,4,1,2003,22,5.5,249377.21642388494,95651.12575514622,153726.0906687387,1,1,2.607154013662698,99759.1129168341,66540.7570969724,1,0,45,Female,Single,No,Owned,1
4729.288086263183,1,2,2021,3,3.0,59012.5646994385,25345.765811705343,33666.79888773316,1,2,2.328300716492257,37450.610253178274,11680.994642661364,7,1,24,Other,Single,No,Renting,1
2399.484452491675,4,1,2019,5,1.2,71812.18298194055,31799.26845951813,40012.91452242242,1,1,2.258296698660242,36259.41779849243,18133.59755589986,2,1,26,Female,Divorced,No,Renting,1
6331.0870158601765,2,1,2020,4,2.0,91385.41586000058,24312.438379343588,67072.97748065699,2,3,3.758792698376307,32359.25375938553,24370.25374142145,4,2,25,Male,Divorced,Yes,Renting,1
2384.166310986957,2,2,2016,9,4.5,196564.2459377937,26680.83680424216,169883.40913355153,3,1,7.367244415157948,103863.88484314886,33338.35611082154,5,3,29,Male,Married,No,Renting,0
5435.303074240048,5,2,2006,18,3.6,44983.075272305025,12375.41038570638,32607.664886598643,3,0,3.6348754401115095,20834.04824439356,12524.66389002409,7,2,51,Female,Married,No,Renting,1
6692.985703186383,4,2,1999,26,6.5,63628.92395263548,12235.449872674402,51393.47407996107,1,1,5.20037469931848,35923.56231455536,12350.034611159901,4,0,50,Female,Married,No,Renting,1
5776.388194052795,3,4,1996,29,9.7,45267.22528433944,9799.384740567222,35467.84054377222,2,0,4.619394633720567,29548.693453456417,9305.197495024106,5,0,65,Male,Single,No,Owned,1
8587.364605873412,5,2,2008,17,3.4,34241.35690019593,14001.531304465749,20239.825595730184,1,1,2.445543716298713,15879.622810823805,10270.40489452142,1,0,40,Female,Divorced,No,Owned,1
2201.106508779533,2,7,2010,15,7.5,76115.33302024289,9911.041023987855,66204.29199625504,5,0,7.679852483308232,31660.345689614478,20449.190523150362,1,0,41,Male,Married,No,Other,1
5135.708991196127,4,5,1999,26,6.5,268574.16862375214,115764.1918437801,152809.97677997203,3,3,2.3200107420624847,82131.60236522471,46289.83256907284,7,2,54,Female,Single,Yes,Living with Family,0
5306.183197878984,5,1,1996,28,5.6,70517.95316367593,19115.134741847938,51402.81842182799,4,0,3.6891161959373493,37369.97488848486,7197.705373870022,4,0,52,Male,Married,No,Owned,1
3333.8457757263795,4,7,1989,35,8.8,36129.75263324422,12227.232217029874,23902.52041621435,1,1,2.9548594474981296,16652.56092513068,8137.678141629268,3,0,61,Male,Single,No,Renting,1
3599.4008139135717,2,12,1992,33,16.5,82367.39264381908,11190.507477015362,71176.88516680372,5,3,7.360469827932005,37053.76952366355,19832.641975811865,5,0,57,Male,Single,No,Owned,1
3842.3070837601,5,2,2014,11,2.2,113639.97896525274,26698.9893238286,86940.98964142414,3,1,4.25634010287536,42407.50011467168,26155.438700209987,2,1,39,Male,Married,No,Owned,1
3550.5290589261067,2,10,2005,20,10.0,63412.97505948646,8616.57836206922,54796.396697417236,2,3,7.3594148854532335,29932.328069371186,18616.303733014396,4,0,44,Male,Single,No,Renting,1
5018.008024754198,1,1,2006,18,18.0,229528.64218301533,111233.5942633026,118295.04791971273,3,2,2.0634831024132407,159241.6426204988,62568.17784766731,2,1,52,Female,Married,No,Renting,1
4095.55264977176,2,0,2024,0,0.0,40549.00841116108,17148.364604531263,23400.643806629814,2,2,2.3645991525306416,16994.156796033916,7694.836861511664,4,1,18,Female,Single,No,Living with Family,1
5716.862576143512,4,3,2001,24,6.0,67976.94348352434,19295.466254778727,48681.477228745614,2,2,3.5229489967203635,36699.51225188232,7652.266323037711,3,1,52,Female,Single,No,Renting,1
6204.145699304594,3,2,2001,23,7.7,108905.49343245833,20631.167686423636,88274.3257460347,1,1,5.2786878129115165,66497.12281114286,21259.632382338612,3,1,54,Other,Single,Yes,Owned,1
6192.668439578334,2,9,1992,32,16.0,117029.09193728285,55399.47052637269,61629.621410910164,1,1,2.112458671993474,70178.03148680927,27835.229549599888,7,1,64,Male,Single,No,Owned,1
4494.810632222866,3,1,2014,11,3.7,79744.04300228004,18966.214599464383,60777.82840281566,3,3,4.204531304023738,34410.32926862527,17666.651716260327,7,3,31,Male,Married,Yes,Renting,1
5436.713444196708,1,1,2024,1,1.0,31672.228908692152,5206.717199324515,26465.511709367638,5,3,6.082955477743462,17240.58883113904,6576.022969427518,3,2,20,Female,Single,No,Renting,1
6552.6933742651,5,0,2024,0,0.0,515785.504683353,167767.3617957013,348018.1428876517,3,3,3.074409105338682,334489.9295669462,99940.55504133827,6,2,18,Male,Married,No,Renting,0
5688.346871916235,5,1,2022,2,0.4,70484.07169061917,33656.82427231594,36827.247418303225,4,3,2.0941985233168623,21580.740548695318,11189.513752748488,3,1,22,Other,Married,No,Renting,1
7918.46654166513,3,4,2011,13,4.3,105917.84774423987,10754.063224835738,95163.78451940413,2,0,9.849100338152207,50236.17242929746,16466.97919056544,1,0,43,Male,Married,No,Renting,0
6543.268480150032,5,1,2018,7,1.4,141757.79321447192,27678.20023713875,114079.59297733317,2,2,5.121640569109714,55244.33990299709,28358.12143123385,1,0,31,Other,Divorced,No,Living with Family,0
7907.610608972693,2,11,1992,33,16.5,60456.004660739934,28739.518435078797,31716.486225661138,1,0,2.1035844701889204,27534.863622088476,7987.485379890065,6,4,56,Male,Married,No,Renting,1
1481.4853081049027,3,5,2003,22,7.3,61457.60790307575,10351.574497838006,51106.033405237744,5,0,5.937029957704653,28663.57285840136,10333.30302637826,5,2,44,Female,Single,No,Owned,1
5205.014181710349,4,1,2018,6,1.5,48881.20693452194,7102.3113308864195,41778.89560363552,1,0,6.882436527662216,29263.633257050482,8055.420287372336,2,1,26,Female,Single,No,Renting,0
4634.101248571673,2,6,2012,12,6.0,106257.3208757996,34860.3584669874,71396.9624088122,4,0,3.048084573669109,35864.90058285625,23103.16378650788,4,1,32,Other,Single,No,Living with Family,0
4892.5304045286775,2,1,2017,8,4.0,64516.22673282178,28692.78727807067,35823.439454751104,3,2,2.248517235623541,32582.859745483252,7312.040755139582,4,0,32,Male,Married,No,Renting,1
3952.560869843791,2,5,2008,16,8.0,90174.81328857875,26226.796820336927,63948.016468241825,3,0,3.43827017482573,47402.90799010979,23980.524995715172,6,0,43,Female,Single,No,Renting,1
5904.29910057627,4,6,1994,31,7.8,38968.16730388647,19399.355269967866,19568.812033918603,5,3,2.008735175040228,19393.016659043664,8279.787693370265,1,0,59,Other,Married,No,Living with Family,1
2367.4653513738813,1,8,2016,8,8.0,34480.382041918754,12815.278073043575,21665.103968875177,1,1,2.690568386061545,20438.222361321412,8074.110251605181,7,2,30,Female,Married,No,Living with Family,1
5935.155294306936,5,1,1992,33,6.6,30752.0750998024,3986.390353798874,26765.684746003528,1,3,7.714265882290448,13946.57353965866,7399.526816104904,4,2,68,Female,Single,No,Renting,1
4032.433169729189,3,1,2005,19,6.3,43544.952639391726,21647.626525122352,21897.326114269374,4,1,2.011534732865852,29522.904204614388,6893.027850727619,1,0,49,Female,Married,No,Living with Family,1
4529.420864819349,1,24,1996,28,28.0,11200.429772979513,2947.4792788417913,8252.950494137722,3,3,3.8000028883598156,5518.691180908726,2173.7157188380506,5,2,56,Male,Single,No,Renting,1
6007.7526543486065,3,5,1990,35,11.7,68344.62212291617,14691.429241426871,53653.1928814893,1,3,4.652006350083225,36119.14615846562,19905.315914387455,2,0,66,Female,Single,No,Renting,1
5398.166591799501,5,1,1997,28,5.6,55189.44512157454,17834.561546773664,37354.88357480088,5,1,3.0945221152105367,34781.068764977834,13981.751843527245,5,3,69,Female,Married,No,Renting,1
6790.8813671096805,4,2,2004,21,5.2,101619.9398123603,22531.481647348246,79088.45816501205,3,2,4.510131264462142,41673.77255127172,29867.256242204072,6,0,49,Female,Married,No,Renting,1
3565.7447412310157,2,1,2023,2,1.0,73823.4319230404,9935.37914875218,63888.052774288226,4,0,7.4303588033992805,24367.69831725023,18400.554561540062,3,2,21,Male,Married,No,Owned,1
5088.941521674309,2,9,2004,21,10.5,206744.7467887917,20792.595650171937,185952.15113861975,5,3,9.9431908486655,120555.67179172354,27935.355962901944,3,2,47,Male,Married,No,Renting,1
6543.159675516727,4,4,2003,21,5.2,624701.8054149088,174812.3934430013,449889.4119719075,2,2,3.573555587857087,308105.8929036235,70533.3171718541,3,2,54,Female,Single,No,Renting,0
5711.799615627097,1,9,2008,17,17.0,197786.79458926214,85986.89297540541,111799.90161385672,4,0,2.3001970154432088,130262.71922990945,42629.44024424824,5,3,40,Female,Married,No,Owned,1
5828.391380194194,1,4,2006,19,19.0,60489.61272786955,19896.610847603795,40593.00188026576,5,2,3.0401968049324584,41923.658051410464,10377.7586164069,4,1,56,Male,Married,No,Owned,1
6942.064287574851,3,1,1997,28,9.3,63304.7232008201,31632.28891202346,31672.43428879664,1,2,2.001269126520842,29097.619746242948,9818.029671036658,2,1,62,Female,Married,No,Renting,0
4500.636326695708,4,1,2014,11,2.8,147724.9777020738,31722.263503066297,116002.71419900752,2,0,4.656823359650695,68865.7810760341,38621.5430597701,3,2,32,Male,Single,No,Owned,1
4374.7536843165935,1,21,1995,30,30.0,21574.013509623815,4577.6178933527235,16996.395616271093,4,3,4.7129345463613275,9992.760329450195,3740.904891355764,6,2,60,Male,Married,No,Renting,1
6023.856655398504,4,2,2008,16,4.0,68006.82962816699,11146.304692945292,56860.5249352217,1,2,6.101289306330358,29230.8073066871,11112.329150953605,6,1,46,Male,Single,No,Owned,1
5045.852770983366,5,2,1998,27,5.4,67144.36423978118,11120.81455556738,56023.549684213795,2,3,6.037719980337852,41137.662557520125,18128.811734985113,3,1,53,Male,Single,No,Owned,1
6763.305351546573,2,3,2017,8,4.0,140376.79473030518,30051.1115722053,110325.68315809988,3,3,4.671267962684671,84731.19536002447,37797.500216393826,3,2,30,Female,Divorced,No,Other,1
5804.660155672585,2,5,2000,25,12.5,134427.4940578924,56074.54959573574,78352.94446215668,1,3,2.3972995775629933,66065.46041407627,23023.844221639036,2,0,49,Male,Single,No,Renting,1
4104.973979564607,2,1,2020,4,2.0,42696.63339386141,19738.769592908102,22957.86380095331,5,0,2.1630848464436094,13571.743451219925,11378.641706758872,3,2,24,Other,Widowed,No,Renting,1
5877.5760402167125,4,2,1987,37,9.2,62488.96044958356,30621.769478062222,31867.190971521337,4,1,2.040671114526917,26484.303714495527,16881.748731709158,2,1,68,Other,Married,No,Renting,1
3785.9505036662,4,3,2011,14,3.5,101533.17068706285,19587.35910799185,81945.811579071,2,3,5.183606944013,42331.33325339917,18761.91934323128,6,2,39,Female,Single,No,Renting,1
6560.392702535584,3,1,2011,14,4.7,49082.817778605655,22210.908513904113,26871.909264701542,1,1,2.2098518729154923,30649.024336701033,5560.819485306625,3,0,45,Female,Married,No,Renting,1
2904.2715401777723,2,0,2024,0,0.0,166603.04843961907,38535.624259731376,128067.42417988769,3,1,4.323351486840048,55817.057531878665,16713.106163718956,5,0,19,Male,Divorced,No,Living with Family,1
7103.097911294278,3,8,1997,27,9.0,146257.86686315486,21227.313621002042,125030.55324215282,4,2,6.89007895556078,91011.90498812632,29932.914559857694,7,0,59,Female,Married,No,Renting,1
5801.314766776865,2,10,1992,32,16.0,96449.61287138732,43210.38818908976,53239.22468229756,4,3,2.232093182068195,54751.88553920357,16282.15091395921,5,2,62,Female,Married,No,Renting,1
4783.158545565989,3,1,2022,3,1.0,105513.11715618023,37398.307056361424,68114.8100998188,1,3,2.821334051222314,62566.807741763936,31593.41058931714,6,1,23,Male,Married,No,Owned,1
6305.001226400815,3,5,2009,16,5.3,61882.36530292463,10265.811525479014,51616.55377744562,3,3,6.028005204394899,29263.25933602855,15747.960458879019,2,1,45,Female,Married,No,Renting,1
5896.989966243533,5,1,2011,13,2.6,53378.926540668144,14515.465101934644,38863.4614387335,2,1,3.677383133493512,30526.891295230456,13465.105986415272,5,0,45,Female,Married,No,Owned,1
7295.572528487091,3,2,1995,30,10.0,68192.86541299238,14654.856671538562,53538.00874145382,1,0,4.653260481587027,37070.431167503906,19847.434848209858,2,1,61,Female,Single,No,Renting,1
7241.5926075302,4,2,1998,26,6.5,135964.90460841608,53667.77176111401,82297.13284730207,2,1,2.5334553708252145,82611.19893853353,37736.363076467394,5,1,61,Female,Married,No,Renting,1
5678.435666249429,3,4,2009,15,5.0,97750.50098903496,27503.715578936302,70246.78541009866,4,3,3.554083473139793,46793.94035513443,15995.647203963548,5,3,37,Female,Single,No,Renting,0
3832.3439679376343,2,5,2010,14,7.0,53161.91600192186,26352.99853784479,26808.917464077073,2,3,2.0173004573114346,26003.101262293934,7081.031346651719,2,1,47,Male,Other,No,Renting,1
4257.736499330638,3,1,2018,7,2.3,132546.50910504663,16157.15342631548,116389.35567873115,3,3,8.203580519893155,73885.46539838403,33027.73409108182,4,1,28,Female,Divorced,Yes,Living with Family,1
5122.5296712825275,1,18,2001,23,23.0,70860.60055724814,17148.698041887103,53711.902515361035,5,1,4.132127137825,24321.55461034342,12447.003112024217,5,4,45,Female,Single,No,Renting,1
6752.582541592641,2,1,2011,13,6.5,53814.23348444121,15754.658592063146,38059.57489237806,3,3,3.4157664014091456,25534.734285559814,10474.10805910821,3,2,42,Male,Married,No,Owned,1
4575.420307993787,1,9,1999,26,26.0,93730.27655349806,28236.56654731163,65493.710006186426,2,2,3.3194643688866625,64559.571575092516,21190.49839356726,7,2,56,Male,Divorced,No,Renting,1
4610.589219354795,2,6,2007,17,8.5,36328.90525977221,8223.931549823628,28104.973709948583,1,3,4.417462017975007,11444.365449030078,10229.29461964045,6,2,50,Male,Single,No,Renting,1
7772.525943901141,4,0,2025,0,0.0,27262.845180751152,10678.750122362875,16584.095058388277,4,0,2.5529996365079035,11624.928688582413,5011.38942717118,4,1,18,Female,Married,No,Living with Family,1
5023.55223293341,4,1,2006,18,4.5,79835.08441739115,35917.711024082375,43917.37339330877,5,2,2.2227219424941285,33981.31889454989,20490.742452985323,2,1,44,Other,Divorced,No,Renting,1
4377.902164600092,4,5,1992,33,8.2,46580.658959199005,22148.531361459172,24432.127597739833,1,3,2.103103731755974,25777.068128164065,7157.9547564293935,4,0,69,Male,Single,Yes,Owned,1
6244.969042591221,1,7,2016,8,8.0,72289.43486740664,30508.841576472598,41780.59329093405,1,2,2.369458528479621,24746.12973683782,17320.14075059261,1,0,30,Female,Married,No,Other,1
5255.798575560623,5,4,1990,34,6.8,39487.34060576705,17383.5940460032,22103.74655976385,3,3,2.2715291499139614,21774.015074944255,3961.207488189392,1,0,58,Male,Single,Yes,Owned,1
2925.601254849652,2,1,2023,1,0.5,167271.89011973378,53563.49022447086,113708.39989526293,2,0,3.1228713703819553,56540.591312412434,45882.92078268554,5,2,20,Other,Divorced,No,Living with Family,1
6751.37112421106,4,2,2005,19,4.8,55109.44912296142,23716.642990504697,31392.806132456724,3,3,2.3236614534791156,18625.97201746448,5845.78529547162,5,2,56,Female,Widowed,No,Renting,1
3919.441018951088,2,1,2020,4,2.0,53170.956918125325,11772.133002927889,41398.823915197434,2,2,4.516679934290667,31438.56944086346,12896.655529355217,3,1,23,Female,Divorced,No,Renting,1
5115.378397584364,1,4,2020,5,5.0,107131.30581698114,27788.950631735846,79342.3551852453,3,0,3.855176369799076,46029.401518663,11704.270625756193,7,2,25,Male,Married,No,Renting,1
5117.791329318965,5,4,2003,22,4.4,28742.057438849224,6517.698562401491,22224.35887644773,1,1,4.409847611648216,19859.87583374991,4404.695580850728,6,2,44,Male,Divorced,No,Owned,1
5395.151760204794,1,3,2019,5,5.0,27752.336018064318,7963.66975538186,19788.66626268246,4,0,3.484867764551543,8740.353302707661,5534.939236304567,4,2,26,Male,Married,No,Other,1
2003.3888911530034,2,12,1995,29,14.5,82531.24222224642,17680.820414835474,64850.42180741095,2,0,4.667840082409117,39453.45501789223,15184.736494018076,1,0,54,Male,Single,No,Renting,1
4707.3507818011485,5,1,2003,21,4.2,56043.19677260532,27161.031388082436,28882.165384522883,5,0,2.0633677702384907,19349.158878629,7754.541500995832,5,1,50,Female,Married,No,Owned,1
7077.255590173552,5,5,1986,39,7.8,47025.640928880915,10587.25175013764,36438.38917874327,5,2,4.441723125009241,20717.220726955475,7842.136127837028,6,3,68,Female,Single,No,Renting,1
7248.16827983748,1,15,1990,35,35.0,146991.3535346326,20463.815098905226,126527.53843572737,1,0,7.182988744972405,102789.43371786269,36092.44421567042,4,2,59,Other,Married,No,Owned,0
3823.0644275395184,4,3,1993,31,7.8,39673.117639106655,12327.503525118198,27345.614113988457,3,3,3.218260498426932,26007.196704068716,9277.61483685444,5,0,61,Other,Single,No,Renting,1
6510.897364067723,2,4,2012,13,6.5,72492.74798771358,8904.982440394102,63587.765547319475,3,0,8.140695220113798,23149.09207343788,8290.482103299377,5,2,41,Female,Single,No,Other,1
3937.8553683616237,3,1,2016,8,2.7,37596.68008864448,5422.090432740259,32174.589655904223,1,0,6.933982484250743,19749.623933942832,9378.986812713458,1,0,32,Female,Single,No,Owned,0
4608.201610919075,3,3,2007,17,5.7,97492.8713591417,18304.847735302297,79188.0236238394,5,3,5.326068414713948,54511.084058875065,10783.606190249011,1,0,49,Female,Married,No,Renting,1
4697.023450311122,1,14,2006,18,18.0,212320.81014052193,60668.569511624235,151652.2406288977,5,3,3.4996838041457496,81491.6674859887,44286.99517011909,5,0,49,Female,Single,No,Renting,1
5303.205564558112,2,4,2011,14,7.0,20261.699827274886,5537.530118860495,14724.16970841439,3,1,3.6589778100284733,7254.544176751858,3080.032650144906,2,0,41,Male,Married,No,Renting,1
6782.049684436293,2,1,1996,28,14.0,98688.23146738706,41436.89337870559,57251.33808868147,2,0,2.3816513116811726,65307.179341259834,21468.44301468303,5,1,58,Male,Single,No,Renting,1
5766.876804043667,1,18,1987,37,37.0,160836.85066250205,63657.59485643602,97179.25580606604,4,2,2.5265932686465744,110579.609326046,24489.932304613812,6,0,69,Male,Single,No,Renting,1
5130.802359514233,2,16,1992,32,16.0,58890.553381753925,15931.50343812646,42959.04994362747,2,0,3.696484365739147,41032.413719711294,17489.999315982182,5,2,66,Female,Married,No,Living with Family,1
6800.966849557323,4,5,1990,35,8.8,38878.49972710076,9077.417549974676,29801.08217712608,5,0,4.28299122664124,23945.45107997687,6296.203394015329,3,2,66,Female,Married,No,Owned,0
4066.007914649428,1,3,1998,27,27.0,102015.57121572047,23115.454632763358,78900.11658295711,2,3,4.413305852575608,57679.6884099921,15138.307613582554,7,3,69,Male,Single,No,Owned,1
4934.173834798075,4,1,2020,5,1.2,168732.99811371916,69112.70445313508,99620.29366058408,4,1,2.4414179628600126,73954.34023057045,26270.556492722983,3,2,29,Female,Married,No,Renting,1
6703.671842566293,2,2,2003,21,10.5,175943.91460099153,21259.12065740444,154684.79394358708,2,0,8.27616143848881,64845.77039086558,49140.180228046425,3,1,56,Female,Divorced,Yes,Living with Family,1
5793.95931768586,1,0,2025,0,0.0,111530.71770853428,11725.074879703487,99805.6428288308,2,2,9.512153982197406,36982.720485506696,25344.660287088434,2,1,19,Male,Married,No,Owned,1
4310.544033832631,2,1,2023,1,0.5,81643.9620774837,34144.954673914,47499.007403569696,2,0,2.391098856542279,47134.60951557849,20095.585155836823,2,1,20,Male,Single,No,Renting,1
3020.564850099599,1,1,1996,29,29.0,34711.15794707174,10096.037083038682,24615.12086403306,2,2,3.438097311011902,21308.810747744024,9844.15735729855,5,1,66,Female,Single,No,Owned,1
5696.287286192217,2,10,2001,23,11.5,161074.02389635437,24540.023045219743,136534.00085113462,1,3,6.563727491190383,101570.29331481142,45483.196472505995,3,2,54,Female,Divorced,No,Owned,0
3021.987197145516,4,3,1986,39,9.8,125074.99063973811,24292.861889753174,100782.12874998494,5,1,5.148631363705041,83238.15688597858,30992.22803279535,2,1,66,Female,Single,No,Renting,1
4761.247952963252,4,1,2016,8,2.0,33462.126017033166,15827.638517673799,17634.48749935937,4,0,2.1141578372331393,21816.363382942054,4670.1377951305085,1,0,34,Female,Divorced,Yes,Renting,1
7128.4225988550015,2,12,1989,36,18.0,121935.09328162929,54114.939531626886,67820.15375000241,5,1,2.253261194357718,85341.94610060289,32760.870233711776,5,1,66,Female,Married,No,Renting,1
5895.137969452774,1,0,2025,0,0.0,139298.95158197382,53478.82049610059,85820.13108587323,1,0,2.6047498858380917,55388.82981324392,19607.052742266907,6,1,19,Female,Divorced,No,Renting,1
1964.5190329817492,3,0,2025,0,0.0,119734.90375343006,35069.16699210919,84665.73676132088,1,2,3.414250009997992,72478.29666270672,29763.67397626562,7,2,19,Female,Married,No,Living with Family,1
5530.677256510476,4,1,2001,23,5.8,78634.73878994504,24229.67885171315,54405.05993823189,1,1,3.245389229927214,42036.85786357181,18645.917489262803,4,1,45,Female,Other,No,Living with Family,1
4631.245128096109,4,2,2014,11,2.8,40886.69455016917,20038.479625367676,20848.214924801498,1,0,2.0404090187764914,16538.588338389996,10294.360777661228,5,4,40,Male,Single,No,Owned,1
3289.4238989118257,3,1,2005,20,6.7,47853.16887707015,23271.387346778134,24581.781530292017,2,3,2.056309242074272,33150.86314659747,9883.456455226074,4,1,54,Male,Married,No,Renting,1
5762.531943703154,2,8,1999,26,13.0,39733.85467939497,7394.773060830043,32339.08161856493,5,2,5.373235169293344,26190.937528620205,9049.196129022546,3,2,49,Male,Married,No,Renting,0
4472.393226813909,1,3,2004,21,21.0,73947.57740988722,31386.44482273893,42561.13258714829,3,1,2.3560354741519975,25985.642159228046,21493.89982985112,7,2,50,Female,Married,No,Owned,1
4271.6989420407535,2,0,2024,0,0.0,62846.267318834616,11243.012861728259,51603.254457106355,4,0,5.589806584031069,19511.461865360478,7555.234894355041,4,0,18,Female,Married,Yes,Owned,1
5316.067677640081,5,1,2012,13,2.6,409211.61711362976,75873.96836706606,333337.6487465637,1,1,5.393307163452025,235432.66287937382,66197.94026226783,3,1,36,Female,Divorced,No,Renting,0
4061.1732036477733,4,0,2024,0,0.0,145477.38999215787,53890.23900007237,91587.1509920855,5,0,2.6995128003043836,78798.15583779525,32335.463523006616,1,0,19,Male,Other,No,Owned,1
5513.603750799845,5,1,1987,37,7.4,171912.31983068134,45041.10333993211,126871.21649074924,1,2,3.816787491488224,115924.98989910199,50337.788373718904,4,2,61,Male,Married,No,Living with Family,1
4330.0126655550985,4,2,2002,22,5.5,108200.44899228726,51137.45414130054,57062.99485098672,1,3,2.1158747694657034,42587.92555261463,12888.284529085387,7,4,43,Male,Married,No,Renting,1
4432.3078090661875,4,3,2000,24,6.0,58150.15300927392,7885.387182334522,50264.7658269394,1,2,7.374419500864405,19407.914735675025,6077.2634373702995,5,2,49,Male,Married,No,Renting,1
6519.394653943292,5,1,2022,3,0.6,72486.5154913377,22080.136063835278,50406.37942750243,1,1,3.282883551159917,29261.801170223458,8056.870375764829,3,1,23,Female,Married,No,Owned,1
6902.007454570415,5,4,1998,26,5.2,79636.71858955939,37222.88811429604,42413.83047526335,1,1,2.139455658169997,24493.949649258117,8798.355239996574,5,1,49,Male,Single,No,Renting,1
2447.0186292860626,2,1,2023,1,0.5,74489.60893651334,34387.79009496251,40101.81884155083,4,0,2.166164465085105,23416.337480841663,20973.530540092182,7,4,21,Male,Single,No,Renting,1
6170.609265769828,5,1,2019,5,1.0,116519.34873172917,18947.407675049722,97571.94105667945,5,2,6.149619553769558,77595.25891072898,28460.035213184663,2,1,28,Female,Single,No,Renting,1
7227.886506939159,2,4,2011,13,6.5,93416.95423033909,23041.766322644897,70375.1879076942,1,0,4.054244493336917,41178.81305946106,21992.3383070397,3,2,34,Male,Single,No,Renting,1
7556.065226105364,2,5,2003,22,11.0,76666.33857561287,26652.942207716278,50013.396367896596,1,2,2.8764681204095073,35597.990357210845,15679.382811282243,4,3,55,Female,Single,No,Owned,1
5910.569588827679,2,6,2012,13,6.5,54734.90902220249,8963.276708847108,45771.63231335538,1,1,6.106573611431294,16822.701042552937,14033.511972149025,3,0,41,Female,Single,No,Owned,1
3433.903213384154,4,1,2022,2,0.5,24843.397093727042,12103.923395638483,12739.47369808856,1,0,2.052507792859883,10141.291131042559,3257.7046875762544,5,4,22,Male,Single,No,Renting,1
6374.971260521302,4,7,1981,43,10.8,231066.63118967618,107653.88142781488,123412.7497618613,2,0,2.146384581076282,143698.11819447507,41219.56918874517,1,0,69,Female,Single,No,Living with Family,1
3926.1214671761254,5,2,2001,23,4.6,384600.10461609566,64143.63299054266,320456.471625553,2,2,5.995920197922078,210067.18637606123,76151.14768286918,3,0,51,Female,Other,No,Living with Family,0
4515.5522507650185,4,1,2022,3,0.8,189524.65801938684,28137.24474700642,161387.41327238042,3,3,6.735721984276757,114001.40166283633,23137.530259793453,4,1,23,Female,Married,No,Living with Family,0
5694.623235567228,5,2,2013,12,2.4,32737.214405515006,4392.13576604907,28345.078639465937,1,2,7.453598010009523,15677.377168637922,6020.463490278539,2,1,39,Male,Single,No,Renting,1
3872.8609800718914,4,2,2017,8,2.0,132153.67499763673,61289.89646206643,70863.77853557031,3,3,2.1562065303769824,56018.8444627295,21580.74215433289,6,1,28,Female,Married,No,Renting,1
3650.3995399233236,1,16,1988,37,37.0,154956.09700795036,27496.88564228078,127459.21136566959,4,2,5.635405370042381,76412.57616566852,16598.3437878596,1,0,65,Female,Single,No,Other,1
5788.659977736235,1,8,2016,9,9.0,62609.34741596906,16686.265827703053,45923.08158826601,3,1,3.752148507188654,26873.71172953631,7973.117608304332,2,1,33,Male,Divorced,No,Owned,1
8010.836306468473,5,1,2003,21,4.2,141503.7382908264,39556.03229976307,101947.70599106334,5,0,3.57729858289336,89938.14008618188,35773.18716309151,3,0,50,Male,Married,No,Renting,0
6904.851495719196,4,1,2021,4,1.0,64931.74441822478,22051.107252450205,42880.63716577458,2,2,2.9446024489772458,27210.912773826625,6727.421027781406,5,1,26,Other,Single,No,Renting,1
6100.779277575142,4,1,2021,4,1.0,272612.27612955344,35083.601748123925,237528.6743814295,2,1,7.770361723027232,153727.54993144024,78199.01128259604,7,4,23,Female,Married,No,Renting,0
6578.7781533846,2,1,2013,11,5.5,117679.09608227048,22441.8092580503,95237.28682422018,1,2,5.243743707520229,41751.70646497149,13801.984133353722,5,2,33,Male,Divorced,No,Living with Family,1
6196.579245772874,3,1,2001,24,8.0,43820.524857959106,20709.41154776821,23111.113310190896,1,0,2.1159715116425657,25185.697562511665,11386.65904069001,4,1,46,Female,Divorced,Yes,Owned,1
5684.850344114089,5,1,2024,1,0.2,138999.57334955843,64407.40426965895,74592.16907989947,4,2,2.1581303411576602,92479.1801059393,38881.420494155536,5,1,20,Male,Married,No,Renting,1
6497.92675939797,3,1,2010,15,5.0,196877.5764160283,81215.2012966998,115662.37511932851,4,3,2.4241468748785637,106989.82353805895,56745.45624645031,1,0,37,Male,Married,No,Renting,1
3227.455361918967,3,6,1996,28,9.3,80477.47203239432,8672.29248389285,71805.17954850147,5,0,9.279838310558144,42165.53988528234,22010.218782667795,5,1,53,Male,Single,No,Owned,1
5429.227949164369,5,2,2012,13,2.6,118308.15374777644,27305.842192297798,91002.31155547863,1,3,4.33270480780658,80975.69725349326,18634.718229682545,4,2,36,Male,Other,No,Living with Family,1
5098.577690634235,4,2,2002,22,5.5,76483.70356737264,26859.81426334093,49623.889304031705,1,1,2.8475142388367094,42139.35593259895,12743.517839816983,6,3,43,Male,Single,No,Renting,0
5128.354246716845,5,1,2023,1,0.2,34497.84378656948,7247.171953598684,27250.671832970795,4,1,4.760180109903297,13930.925256687335,6392.765754353657,3,0,20,Male,Divorced,No,Owned,1
4397.941677879816,3,1,2016,9,3.0,68171.09963063379,31620.120047547367,36550.979583086424,4,2,2.1559405697424454,28424.376936321067,8716.311661421165,7,0,36,Female,Married,Yes,Other,1
5920.731767161348,4,3,2011,14,3.5,126606.18082410423,44762.34761331133,81843.8332107929,4,3,2.828407971758263,73700.32637576945,13224.58417713796,3,0,37,Male,Married,No,Renting,1
4013.1079854685895,1,6,2001,24,24.0,67296.42988463651,8665.269132511876,58631.16075212463,2,3,7.766225013386136,39985.83183557552,18427.399343800804,5,2,49,Male,Married,No,Owned,1
4239.217605911948,5,1,2021,4,0.8,137531.0183930684,63759.68758233287,73771.33081073553,3,0,2.1570215226584137,57955.363852481314,28995.079171560366,2,1,24,Female,Single,No,Renting,1
4309.180129521849,5,4,1995,29,5.8,56525.31083329649,27307.754307001094,29217.556526295397,3,3,2.0699362605150093,24765.863528666105,12534.181786926138,3,2,69,Male,Single,No,Owned,1
6575.919955904804,4,7,1997,28,7.0,70021.22392047434,9178.729851890874,60842.494068583466,1,3,7.628639806416086,48764.36306264756,19983.8959054306,6,0,58,Female,Single,No,Owned,1
5172.41474518621,1,9,2005,19,19.0,151141.25243423847,47298.76230067363,103842.49013356483,2,0,3.1954589313235773,51506.07014324231,35219.544591298974,5,2,50,Male,Single,No,Owned,0
4568.751490304856,1,14,1998,26,26.0,91426.71929436308,20236.91235900867,71189.80693535441,4,0,4.517819599770294,42226.16275992993,21775.165812396943,7,1,57,Male,Married,No,Owned,1
4719.855457475729,4,3,1996,28,7.0,57512.40933653687,14788.489641647897,42723.91969488897,1,3,3.888998182381538,18690.32599147594,14803.333542436703,4,0,56,Male,Single,No,Renting,1
5135.820925020611,2,2,2011,13,6.5,175478.3551163547,30157.79560021672,145320.559516138,2,2,5.81867313654363,110276.09868893928,21631.16243189845,6,1,35,Male,Single,No,Living with Family,1
7663.26237830478,5,2,2001,23,4.6,57258.92997371274,18965.80900092554,38293.1209727872,5,0,3.0190607725153447,19292.728562329925,9850.392899381291,5,3,57,Male,Widowed,No,Owned,1
3145.219495479992,5,0,2025,0,0.0,39926.013253511665,19291.91986711346,20634.093386398203,2,0,2.069571796302799,22741.97463489132,11723.937836079098,6,2,18,Male,Divorced,No,Renting,1
6073.264996519678,3,2,2018,6,2.0,10353.857751861011,3118.882632014531,7234.97511984648,1,3,3.3197330497727986,3340.085860546345,2946.5631238996316,3,2,28,Male,Divorced,No,Owned,1
5857.793507046512,4,3,2009,15,3.8,56199.05583634723,7483.794059409044,48715.26177693818,3,3,7.509433769852423,31985.24388675791,15556.744971808983,7,0,45,Male,Other,No,Owned,0
3865.5519023298366,3,1,2006,19,6.3,195320.45171018742,67971.62137730913,127348.8303328783,4,0,2.873558813993379,124461.07842597473,37192.471581497506,4,3,42,Male,Single,No,Renting,1
7620.30993523203,3,10,1983,42,14.0,20231.22445089292,4776.373550728604,15454.850900164318,5,3,4.235687229238338,9296.826466087252,5491.535053436992,5,1,67,Male,Single,No,Living with Family,1
5948.920676321015,1,9,2010,14,14.0,41965.05097869731,18564.08278392972,23400.968194767593,2,0,2.2605507348321563,21353.9412592931,4602.692228472346,1,0,40,Male,Married,No,Living with Family,1
4478.400045155365,5,1,2000,24,4.8,106849.60739268213,29263.03653518537,77586.57085749676,1,2,3.6513506472306116,49216.7130408605,13858.766433837294,4,3,48,Female,Married,No,Renting,1
2450.88001108061,3,4,2001,24,8.0,12015.442845202318,2128.365604334919,9887.077240867398,1,2,5.645384806412033,5048.8350555512025,2196.3453286992517,1,0,47,Female,Single,No,Other,1
5683.7202517486685,1,3,1990,34,34.0,57340.67375916082,10117.317441625772,47223.35631753504,4,0,5.667576814704218,35626.06796696194,11277.672734593345,6,2,59,Male,Married,No,Renting,1
5122.881622866025,4,4,2006,19,4.8,189966.54140526077,77412.44316766514,112554.09823759562,1,0,2.4539535716992975,77658.51769558043,29008.162658506528,2,1,52,Female,Single,No,Renting,1
3503.930603100821,3,1,2020,5,1.7,328744.6589816175,67798.66767228168,260945.9913093358,1,1,4.848836566681075,193688.91350004982,56312.426216713386,4,1,24,Female,Single,No,Renting,0
3524.578384796545,5,1,2015,9,1.8,88450.20106558743,35989.799297605285,52460.40176798215,4,1,2.457646410700401,33830.32956738003,11724.535879431993,6,5,33,Male,Married,No,Living with Family,1
6452.764800679257,3,4,2010,15,5.0,44282.812833507225,8075.188982339307,36207.62385116792,5,3,5.483811330032664,17710.535405043345,8760.327438745584,1,0,43,Female,Married,No,Owned,1
2306.4576390185075,4,5,2000,24,6.0,31070.65341213223,7105.067608943529,23965.5858031887,3,3,4.373027129681628,13502.823291271523,8040.111304461841,3,0,65,Female,Married,No,Renting,1
5821.424132609554,3,10,1989,35,11.7,94678.90605806712,27096.609539755667,67582.29651831146,3,0,3.494123717550563,50715.94434093118,21991.266322203723,3,1,69,Male,Single,Yes,Renting,1
4978.844537033708,5,3,1998,26,5.2,98608.86889095716,47063.87724146229,51544.99164949488,2,0,2.0952134560661486,47506.6890237383,11986.741206681774,2,1,66,Male,Divorced,No,Owned,1
5745.732242530159,1,0,2025,0,0.0,340322.95092643454,160868.13026988858,179454.82065654595,5,1,2.1155399167969096,203532.83749717864,67219.33710972602,4,3,19,Female,Single,No,Renting,0
4558.5424852096985,5,0,2024,0,0.0,160205.99246682422,29277.444892882755,130928.54757394147,2,1,5.471993647429586,61747.702263575266,38374.02547550557,4,2,18,Female,Single,No,Living with Family,1
5819.912447890471,1,2,1987,38,38.0,90448.74319874462,22005.059147992542,68443.68405075208,3,0,4.110361285122744,27520.740968816295,18630.54703992047,4,1,65,Male,Divorced,No,Living with Family,1
3975.8377332069363,2,2,2015,9,4.5,57437.57058377749,9176.212226172445,48261.358357605044,4,2,6.259398667780777,35072.70101434259,10243.136002768499,6,5,29,Male,Widowed,No,Owned,1
4946.192625739947,5,1,2022,2,0.4,764343.0439237831,232355.72354365446,531987.3203801287,1,2,3.2895382660121135,480511.69433547225,171505.4967572218,7,0,22,Male,Divorced,No,Other,0
6033.625817226114,5,4,1995,30,6.0,137914.87347807232,39199.961029912345,98714.91244815997,3,3,3.5182400659233695,44655.74171124115,40509.42314197849,7,2,54,Female,Married,Yes,Renting,1
5486.307806913205,4,6,1998,26,6.5,50213.631584819865,23113.538735915416,27100.09284890445,5,0,2.172477012652089,27334.443575468715,5974.49732157782,2,1,49,Female,Married,No,Other,1
5630.460263602316,3,1,2018,6,2.0,70792.99708532881,33414.44690825429,37378.55017707452,3,0,2.118634412226078,31947.655824949998,12601.38087887958,4,0,26,Male,Married,No,Owned,1
3828.1180508225298,1,12,2003,22,22.0,37786.03692600014,9576.000332684443,28210.036593315694,5,3,3.9459101517603608,23335.079294828472,6851.408448105525,6,0,58,Male,Single,No,Owned,1
4373.988157172722,1,26,1999,26,26.0,12560.106590523104,3726.523050621544,8833.58353990156,5,1,3.370462605464956,8161.127979161935,2705.3648427983458,3,1,52,Female,Married,No,Renting,1
4289.990241176082,4,1,2010,15,3.8,95755.1002346734,43903.18677184162,51851.913462831784,5,1,2.181051246514257,61321.7104663041,12489.808874742253,1,0,36,Male,Single,No,Living with Family,1
4945.265366619871,4,8,1988,36,9.0,303309.50431233057,128203.80854804964,175105.6957642809,2,2,2.3658384859811155,185286.22529906913,41046.45239728112,6,2,65,Male,Single,No,Renting,1
7127.874304426742,3,2,2016,9,3.0,27307.891363322713,2770.7275975283383,24537.163765794376,4,0,9.85585569208718,11131.267022417149,4289.312681955594,7,0,33,Female,Married,No,Renting,1
4478.731866696448,3,1,2024,1,0.3,80125.46645800743,18270.51539562319,61854.951062384236,3,1,4.385506633118951,50058.85449873693,23330.45326382592,7,1,20,Female,Married,No,Renting,1
3424.660810351749,5,2,2010,14,2.8,41517.46768633438,11156.146152837951,30361.321533496426,4,2,3.7214883273802375,21314.710459818078,10247.412628536393,3,2,37,Female,Single,No,Owned,1
5972.468531775889,2,4,2009,16,8.0,126919.31165188887,24354.104205311207,102565.20744657767,1,2,5.211413673109355,40754.12679139578,29488.262840259133,3,1,41,Female,Single,No,Owned,0
7189.965147151723,3,2,2007,17,5.7,81847.18203487192,14718.467953578567,67128.71408129335,3,2,5.5608492876442375,39513.817501032376,21557.855114476428,1,0,50,Male,Married,Yes,Owned,1
3248.182222221536,4,1,2010,14,3.5,25056.388350428224,2884.336143399089,22172.052207029134,4,1,8.687055566588764,16959.746367742086,3144.959944953421,3,2,41,Male,Single,No,Living with Family,1
8369.216132077136,3,12,1984,41,13.7,48014.02012209733,17157.708782388818,30856.311339708514,4,1,2.798393464480546,31456.084710147228,13053.406671768702,2,1,69,Female,Divorced,No,Renting,1
5702.764903484607,1,8,2016,8,8.0,45180.542877777254,9262.197261790698,35918.34561598656,1,0,4.877950836154219,15402.305156315279,9893.027274757522,1,0,28,Male,Married,No,Owned,1
6810.836183602586,2,4,1999,26,13.0,249040.0514514979,30118.62274909977,218921.42870239812,5,0,8.268640087765686,148838.95467414512,41606.07579930039,3,2,66,Male,Married,Yes,Renting,0
7260.607452564973,5,1,2019,6,1.2,246801.989842501,47482.66036456012,199319.3294779409,3,2,5.197728769778617,153589.11004050393,64951.139092549885,5,4,25,Male,Married,Yes,Living with Family,0
6678.926464061613,1,8,2003,22,22.0,71315.64590450014,30007.169192985704,41308.476711514435,3,2,2.3766202485094947,29136.383345332823,18578.646219873317,6,1,53,Male,Married,No,Living with Family,1
5114.196604488477,1,2,1997,28,28.0,202635.2339754254,89280.20721773912,113355.02675768627,1,1,2.269654610917656,99016.3754234025,54537.59466378136,3,2,55,Male,Single,No,Owned,1
7136.547216287123,2,10,1993,31,15.5,81513.32736389771,23901.867529545994,57611.459834351714,5,1,3.4103329902207866,47635.995338894485,10034.582417951866,2,1,57,Male,Married,No,Owned,0
5531.899654806379,5,1,2009,15,3.0,65114.47556240695,17348.336956464966,47766.13860594199,3,0,3.7533554787302905,30969.525186613046,19135.33737592506,4,3,37,Male,Married,No,Renting,0
6925.72708736146,4,7,1996,29,7.2,95561.62259978465,46934.27650646757,48627.34609331708,3,0,2.0360732009284557,32980.109416393934,27896.848729045898,3,0,52,Male,Single,No,Renting,1
7089.813225671025,5,5,1996,29,5.8,114577.0855272406,20649.754214869736,93927.33131237086,3,3,5.548593185905065,66724.3069527623,19649.274581933143,7,0,65,Female,Divorced,No,Living with Family,1
3563.6551150408472,3,1,2004,20,6.7,47061.77832767275,8760.25416497134,38301.52416270141,5,0,5.372193253918759,31279.868670802978,5326.395768409074,7,3,42,Female,Married,No,Renting,1
6371.451697965509,1,16,2007,18,18.0,89687.52897454529,19439.491256322865,70248.03771822242,1,1,4.6136767568633585,50314.15588611382,11965.314936623285,7,1,52,Female,Married,No,Renting,0
4907.162122229943,3,4,2006,18,6.0,143384.71311599104,24246.774719767767,119137.93839622327,3,2,5.913558185497274,87395.89327180132,42809.823927419195,4,0,42,Female,Divorced,No,Renting,1
5427.285955176022,4,2,2003,22,5.5,90987.76405639136,22905.827421844853,68081.93663454651,4,3,3.972253976279331,40338.97155335126,19344.23417243869,7,1,46,Female,Divorced,No,Living with Family,1
5320.639123264196,3,4,2011,13,4.3,84595.16786744243,39280.386519388405,45314.78134805403,5,0,2.153623611256654,31577.624880036143,14493.212974120075,5,4,35,Male,Married,No,Renting,0
5400.455326363037,5,4,1997,27,5.4,119373.08441761066,41319.69633198076,78053.38808562991,2,0,2.889011658229876,66503.87515319405,18818.037342229763,3,2,63,Female,Married,No,Renting,1
7425.2879683435585,3,3,2010,14,4.7,155894.0507439723,41277.41153566302,114616.63920830928,1,1,3.7767399879055485,67207.24762152127,23602.101599466503,7,1,35,Female,Married,No,Owned,1
2950.328559658905,4,0,2025,0,0.0,64596.06105566347,30603.308800443632,33992.752255219835,4,3,2.1107541500456013,41601.76293470863,15039.936617915755,1,0,19,Female,Married,No,Living with Family,1
2586.484964695321,4,2,2008,17,4.2,45910.92045707118,5481.107054591312,40429.81340247987,3,0,8.376213053276048,16025.262796459756,8441.988320419892,4,1,52,Male,Married,No,Renting,1
2210.0648925016403,4,1,2014,11,2.8,72905.33729819227,13422.636000103183,59482.70129808909,2,2,5.4315215951346545,34512.32808368396,21367.252263569695,5,1,33,Male,Married,Yes,Renting,1
6873.716395903871,5,4,1998,27,5.4,27606.349211663244,9009.482300102387,18596.866911560857,1,1,3.0641437867467163,12662.785035673161,6536.316823157919,1,0,58,Male,Single,No,Renting,1
4129.84376219851,4,2,1996,29,7.2,63866.59387008065,22111.959143464694,41754.63472661596,5,3,2.8883281420568636,43124.09995830137,16503.697431711687,1,0,53,Male,Divorced,No,Renting,1
5398.27970427233,1,4,2004,20,20.0,12907.263740827591,1494.9580421360256,11412.305698691565,2,0,8.633863544682121,4662.799625968311,2046.4248491749868,1,0,50,Female,Divorced,No,Renting,1
4837.924313813131,4,1,2023,1,0.2,22487.3434178179,5874.042725681172,16613.30069213673,2,0,3.8282566995135707,6834.77459959347,2604.8727369116887,1,0,21,Female,Single,No,Owned,1
3930.43728904003,3,6,1998,26,8.7,18704.60069798458,6727.326351268458,11977.274346716124,4,3,2.7803914543937314,7392.695744456101,3695.366346715648,3,0,50,Male,Married,No,Owned,1
6367.215856333548,3,3,2015,9,3.0,193476.90067667037,73371.90037638703,120105.00030028334,1,1,2.6369345714662207,121524.92001293352,31520.542594834587,7,4,31,Other,Single,No,Owned,0
4918.805547673923,3,2,2013,11,3.7,80351.02072530231,28545.17908562109,51805.841639681224,4,3,2.814871838228442,30832.994849371404,11282.619788487504,6,0,38,Female,Single,Yes,Renting,1
5013.397384442423,5,4,1987,37,7.4,31077.81332287132,7092.7429502337445,23985.070372637576,4,3,4.381635361795698,12317.729395826873,9028.988193193438,3,1,65,Male,Married,No,Living with Family,1
5479.306961610377,3,1,2011,13,4.3,119778.37235682944,16458.512510549794,103319.85984627964,3,1,7.277594028017558,42157.13865845568,22613.874367583645,3,2,37,Male,Single,Yes,Renting,1
6131.158127257326,5,1,2020,5,1.0,182171.23748069085,49340.16491111523,132831.07256957563,5,0,3.69214893806834,106784.13063995705,24582.49983047638,5,2,25,Male,Married,No,Other,1
3601.535634698328,5,1,2020,4,0.8,104855.99338911002,15885.869112304365,88970.12427680565,2,2,6.600582734745942,34358.12940166623,14651.541643766184,5,0,24,Male,Married,No,Owned,1
6319.37752099993,4,1,2024,1,0.2,76313.6813712233,36558.028111593965,39755.65325962933,1,1,2.087467112237962,33004.39435192802,11915.766905970564,7,1,20,Male,Married,Yes,Renting,1
7304.7802796600245,1,6,2011,13,13.0,111702.10465227172,32401.24478689526,79300.85986537646,5,2,3.4474633733037887,46132.91232574091,33495.356539236156,6,1,34,Male,Single,No,Owned,0
3110.816446858236,4,5,1999,25,6.2,135011.57726569782,30634.622339343274,104376.95492635455,5,0,4.407156575007156,70484.6694810563,20738.088808669225,5,3,50,Male,Single,No,Renting,1
5667.448468691748,4,4,2000,25,6.2,59082.706184497685,24018.397931210726,35064.30825328696,1,3,2.459893717878769,34986.799686765,9793.57070101805,7,0,65,Male,Married,No,Owned,1
4632.616681464009,5,1,2015,9,1.8,79558.0030159862,23802.118553784956,55755.884462201255,5,2,3.342475705942364,40825.23490429658,18446.766140533764,7,0,29,Female,Other,No,Renting,1
6428.84587108021,5,6,1987,38,7.6,73034.58796107337,16360.741675172465,56673.8462859009,3,0,4.4640144934201755,49109.21629951531,11597.328396626563,2,0,68,Male,Married,No,Renting,0
3335.011181209723,3,2,2008,16,5.3,20875.519522900202,8867.651335587772,12007.86818731243,5,0,2.354120469207252,14207.399610074934,2988.557123514317,6,0,39,Female,Single,No,Living with Family,1
7573.407338465364,3,4,2012,13,4.3,189791.96774786068,84810.60200490325,104981.36574295742,3,3,2.2378330451762154,84378.87671170225,25000.809537228466,5,1,39,Male,Married,No,Renting,0
2968.157790356396,4,4,1986,38,9.5,317236.6555529078,117124.80948857684,200111.84606433095,2,3,2.708535082687565,193854.48532930185,51562.54613584817,6,0,63,Other,Married,No,Living with Family,0
4853.578590335199,2,11,2003,22,11.0,41084.80397119977,4880.29003241583,36204.51393878394,2,0,8.418516870576658,24466.84519344985,4978.7854662944965,3,2,47,Male,Married,No,Renting,1
5851.44411399304,2,6,2005,20,10.0,175201.90018246826,57208.5279070407,117993.37227542757,4,0,3.0625136949364857,115140.20735967954,18173.57349260414,3,2,55,Male,Single,No,Owned,1
4210.494729597763,3,6,2000,24,8.0,40024.54501120703,16222.667125944909,23801.877885262125,3,2,2.467198808955143,19178.859659352966,10443.538067693866,6,2,55,Other,Married,No,Owned,1
4104.897677314444,2,8,1987,37,18.5,82444.48897993019,12746.017328173886,69698.4716517563,2,0,6.468254895409118,42227.18302840978,10518.184510050352,2,1,62,Female,Married,No,Owned,1
5583.353454945786,3,7,2000,25,8.3,258748.69033576132,49542.17200912037,209206.51832664094,5,0,5.222796656717584,120657.03074652136,66031.46775768888,2,1,68,Female,Widowed,No,Renting,0
5176.63987998662,5,1,2018,6,1.2,54864.05506722831,24853.3095231299,30010.745544098412,1,2,2.2075150601640683,35121.2669715121,14237.688403838407,6,2,25,Male,Single,Yes,Renting,1
5208.907254122724,4,3,2005,20,5.0,80363.36325000958,8683.156021998657,71680.20722801093,1,1,9.255086865468051,31492.869218529057,16682.140783734973,5,1,44,Male,Married,No,Renting,1
6478.03276719844,1,6,2005,19,19.0,23012.259315315372,9230.006767262135,13782.252548053237,3,2,2.4932006980685473,9110.176782094755,3726.5222375260014,4,0,44,Female,Divorced,No,Renting,1
4608.290959857968,4,4,2005,20,5.0,47184.007802665765,13660.20987254465,33523.797930121116,4,2,3.4541202692280626,21187.603186597335,6087.0459084459135,2,1,51,Female,Single,No,Owned,1
5589.388974692507,3,3,2013,11,3.7,19996.90340103116,5573.314221137423,14423.589179893735,5,3,3.5879734405052286,7841.528365377609,4946.454449000371,1,0,38,Female,Divorced,No,Living with Family,1
4490.095787586278,3,5,2000,25,8.3,106156.76927836917,10917.014912931394,95239.75436543778,3,2,9.723974009838956,55668.90010226537,23383.936831413375,3,1,47,Female,Married,Yes,Living with Family,1
3916.0057712558882,4,3,2005,19,4.8,137134.1471919893,58660.4057648848,78473.74142710448,1,0,2.3377633585016953,48517.518581605,31690.42487525624,6,1,50,Male,Single,No,Owned,1
4782.8620572649725,3,5,2004,21,7.0,66645.06899315935,16256.729030668208,50388.33996249114,3,0,4.099537420315851,28529.053771084655,6780.057317483266,1,0,45,Female,Single,No,Owned,1
4551.8522192095525,2,7,1995,30,15.0,95799.06637199648,30301.843679061763,65497.222692934716,5,0,3.1614929898867032,63742.579630163484,27350.95946698964,6,0,64,Male,Married,No,Owned,1
4496.794298255828,2,3,2007,17,8.5,60295.5168940807,22364.829679537754,37930.687214542944,2,1,2.6959971418537947,27958.439809981297,6828.9519128271195,7,0,50,Male,Single,No,Renting,1
6767.991126703242,3,1,2022,2,0.7,157898.26704624793,60167.423702619235,97730.84334362869,5,0,2.6243149087896582,94627.40298583385,27373.429425819184,3,2,22,Male,Married,No,Living with Family,0
4948.844818946669,3,5,1992,33,11.0,87819.10455041504,42363.235548705015,45455.86900171002,2,1,2.0730027679177008,30331.39059552405,15855.06574792806,3,2,65,Female,Single,No,Owned,1
4165.639991580203,2,3,2009,16,8.0,16914.28378451719,5286.322280490159,11627.96150402703,2,0,3.199631593961173,6749.235673628981,1696.0139236587534,2,1,36,Male,Married,No,Owned,1
5052.118161071986,3,1,2024,1,0.3,162538.27143649932,42241.71709355279,120296.55434294653,2,2,3.847814024144084,101251.30611964365,32413.034561938297,2,1,21,Male,Single,No,Renting,1
5366.3419086926115,3,7,2004,21,7.0,61373.2762930613,29550.094097454185,31823.182195607118,3,3,2.0769232101480437,37142.933403343,15377.798512511306,1,0,52,Female,Divorced,No,Renting,1
3519.6781556088927,4,3,1994,30,7.5,27427.79280369482,9787.445873734194,17640.34692996063,1,0,2.8023442640230227,12464.899651153155,7258.867688251256,7,5,66,Male,Widowed,No,Renting,1
4662.390592114235,1,10,2014,11,11.0,56102.443319410384,12301.029717408028,43801.41360200236,3,1,4.560792438377414,38248.332236044655,15477.508326381694,6,5,34,Female,Widowed,No,Living with Family,1
4781.973513852105,2,5,1996,29,14.5,18896.698844967246,2845.5725885156517,16051.126256451595,1,1,6.6407368841096455,12552.26838368943,3732.92519960948,7,0,61,Male,Married,Yes,Owned,1
4971.78358943729,4,5,2002,23,5.8,31264.747287670765,13663.376154526406,17601.37113314436,5,3,2.2882153674231804,21413.860080593407,7069.810954240858,3,1,45,Female,Single,No,Renting,1
6288.292559556978,1,5,2004,20,20.0,97658.17148043418,23913.814377135317,73744.35710329885,4,0,4.083755520566721,46013.19792147249,11318.967107480306,1,0,47,Female,Married,Yes,Other,1
5395.007806744324,3,1,2006,19,6.3,97636.91275431435,35558.18110012155,62078.73165419281,5,2,2.745835409280274,37003.35825093463,19293.80038042498,4,3,46,Male,Single,No,Renting,1
7081.906021077995,3,7,2000,24,8.0,116389.83269569793,33558.28098172357,82831.55171397436,3,0,3.468289474037299,64091.62747317135,15242.779231205683,1,0,63,Male,Single,No,Renting,1
5022.509466166777,4,1,2020,4,1.0,80328.20639962629,14424.68960412585,65903.51679550044,3,0,5.568799648669755,46101.10175795805,13971.374369279276,5,3,23,Male,Single,No,Renting,1
7864.130920570096,3,3,2004,20,6.7,57798.644802148236,19690.532709760202,38108.11209238804,1,3,2.9353520117563203,20239.739497765768,9586.544642159077,1,0,52,Male,Married,No,Owned,1
4518.83747940252,5,1,2003,21,4.2,74026.84861695318,9199.555405225035,64827.293211728145,3,0,8.046785453882743,45496.39879293596,13673.359700614135,7,1,58,Other,Married,No,Living with Family,1
4115.656428252314,4,6,1997,27,6.8,53811.83153450604,14278.269080109374,39533.56245439667,2,2,3.7687923677996573,16532.290861631474,11533.345830526365,5,1,54,Male,Married,No,Renting,1
5980.954012165461,1,1,2008,16,16.0,25372.893629056816,8084.970450961535,17287.923178095283,3,1,3.138279080047751,12511.154499586863,7119.007988123455,5,3,41,Female,Married,No,Living with Family,1
7226.122906197526,4,2,2006,18,4.5,52306.29871100837,14353.831183211929,37952.46752779644,1,3,3.644065340003803,22617.583752238763,9357.436063933763,5,1,46,Male,Single,No,Renting,1
3251.79504312216,2,5,1993,32,16.0,135454.74938851644,54109.95568796302,81344.79370055342,1,2,2.503323975529496,80747.45099662786,40125.25098532436,4,1,66,Female,Other,No,Living with Family,1
5064.514027678527,4,8,1989,36,9.0,264561.6042827464,114071.02210836575,150490.58217438063,2,1,2.319270919054419,112466.27320616566,66618.09604588019,1,0,63,Female,Married,No,Owned,1
4253.827082371194,3,5,2007,17,5.7,123087.19813142411,50280.779437546575,72806.41869387754,1,3,2.4479970181112627,77633.90780236712,24900.073602444398,7,0,48,Female,Married,No,Living with Family,1
5494.276519488119,3,9,1997,28,9.3,264066.270785006,30506.30323323486,233559.96755177114,4,3,8.656121614149598,142062.7408646528,60419.75898552165,1,0,52,Male,Single,No,Renting,0
5255.026885249107,5,3,2001,24,4.8,86922.28875887113,15441.875692330876,71480.41306654026,5,1,5.628998088751654,53679.49784159484,10469.340660140542,4,3,50,Male,Married,No,Other,1
7358.071871441582,5,6,1990,34,6.8,347809.40954437153,109435.79733608085,238373.61220829067,3,1,3.1782051029996854,241983.61609741204,93527.44798517931,3,2,69,Male,Married,No,Owned,0
4967.392810687825,5,2,2012,13,2.6,372577.2617874069,176575.1006135679,196002.16117383903,4,2,2.110021517715496,212988.76124710185,80652.35537658374,2,1,38,Female,Single,Yes,Renting,0
7242.1761484553435,1,10,2006,18,18.0,25466.328314868537,11051.946176367272,14414.382138501265,3,0,2.3042392632461417,17673.125746580263,7568.936469813425,7,3,49,Female,Single,No,Living with Family,1
4697.349495971971,5,1,2008,17,3.4,92313.11696782966,40342.10634434806,51971.0106234816,4,0,2.2882572412028446,28758.723578367284,20981.455909532095,7,1,40,Other,Married,No,Renting,0
6609.722812657825,1,3,2002,22,22.0,95662.7352347454,21168.563587729408,74494.17164701599,3,0,4.519094308798419,41637.77904666618,25524.95263272269,1,0,50,Male,Married,Yes,Living with Family,0
5352.994542205079,5,1,2023,1,0.2,59744.6099551007,16237.339838312198,43507.2701167885,2,0,3.6794579992796956,20500.843475993985,15530.763620494692,2,1,20,Female,Single,No,Renting,1
7714.8280980251675,1,7,2013,12,12.0,139252.72020363944,40144.10545227406,99108.61475136539,1,0,3.4688211042388826,56386.48614833671,23546.553033691536,6,5,35,Female,Widowed,No,Owned,1
2994.4777057783576,4,2,2004,21,5.2,70095.88753672058,11422.029076860446,58673.85845986013,1,2,6.136903265176043,44549.8029942306,10649.11619160904,6,1,42,Male,Single,No,Owned,1
3524.213423360263,4,4,1997,27,6.8,40982.178476918314,4607.513711140813,36374.6647657775,2,3,8.894640590612848,12824.524674495742,7626.730821563486,4,2,59,Male,Married,No,Renting,1
8007.43342698758,3,6,1998,26,8.7,96107.62469975269,46012.597865358875,50095.026834393815,4,2,2.0887241572619057,48829.70595495959,18591.85362450575,6,3,48,Female,Divorced,No,Renting,1
3910.1023597704693,1,1,2023,1,1.0,181307.6542073001,35587.979118659685,145719.67508864042,5,2,5.0946319149725445,95522.20650071502,26836.604244568356,7,0,20,Female,Married,No,Renting,1
4195.294962886208,2,7,2005,20,10.0,86200.78904133185,16893.59283636502,69307.19620496684,4,2,5.102572903010701,45208.90535822786,24043.08741564343,6,2,57,Female,Married,No,Renting,1
3946.4146217502184,3,6,1999,26,8.7,117910.62569220716,15723.573129020166,102187.052563187,1,3,7.4989714312827385,57790.21785333225,24585.49415158844,3,2,63,Male,Single,No,Renting,1
6872.668934800586,4,2,2010,15,3.8,74118.10837561873,34939.506112030314,39178.602263588415,5,2,2.1213267336397323,45674.6310026417,21915.900336992803,3,2,41,Female,Single,Yes,Owned,1
3399.813580162313,1,9,1997,28,28.0,98812.62525751705,32795.401040318815,66017.22421719824,3,2,3.013002498003801,34922.084880872346,25889.25915655411,3,0,67,Male,Other,No,Renting,1
5183.6756184164915,5,2,2009,15,3.0,32746.542569971483,12011.914592035304,20734.62797793618,5,3,2.7261717787840927,13892.092155386865,6914.136830430132,6,1,49,Male,Married,No,Renting,1
4991.567267329194,2,17,1985,39,19.5,54959.88772566313,25536.054123481048,29423.833602182083,4,2,2.1522466807088305,30024.06022454388,15905.834244265267,4,1,64,Male,Divorced,No,Owned,1
6724.773375256652,4,1,2007,17,4.2,83652.76746202001,19930.11019389873,63722.657268121286,2,0,4.1973058175879485,48215.82782659733,16812.111847121618,5,1,39,Female,Single,No,Renting,1
4324.476006502533,3,3,2007,17,5.7,29159.533018973645,10165.09848616316,18994.434532810483,3,1,2.868593261409706,13461.771722079888,8089.47563052431,5,3,40,Female,Single,No,Living with Family,1
5622.908868669911,1,0,2025,0,0.0,44926.319702469424,5189.878653219537,39736.44104924989,4,2,8.656526039312965,29208.779604578354,7710.657358201686,2,1,19,Female,Single,No,Living with Family,0
3383.1757399340954,2,6,2010,14,7.0,88907.11515400729,15532.874185420767,73374.24096858653,3,1,5.723803211993821,41448.2622525115,15623.511912099842,5,2,44,Male,Married,No,Owned,1
8620.911558015801,1,19,2003,21,21.0,112129.18509949448,48495.68440679285,63633.50069270164,5,2,2.312147698729836,51703.939418649585,20589.849059274566,5,2,59,Female,Single,No,Owned,1
4640.611513019437,5,0,2025,0,0.0,142519.18773452984,57963.60010380505,84555.5876307248,1,2,2.4587704607598053,44819.848119268485,29832.847384391807,3,2,19,Male,Divorced,No,Living with Family,1
5223.145227328051,3,1,2004,21,7.0,51844.08044368212,12455.907205525626,39388.173238156494,4,0,4.162208307130236,26982.59044091193,10923.446862964849,3,2,43,Female,Married,No,Renting,1
7582.131538275813,1,7,2014,10,10.0,99708.64752783533,24999.375980576056,74709.27154725927,2,3,3.9884454558108438,58177.23743311632,19869.917775723115,6,0,34,Male,Widowed,No,Renting,1
4329.990838542186,4,4,2004,21,5.2,45904.762329190635,14387.552017704265,31517.21031148637,5,1,3.1905888001449867,15872.731377809176,7399.856625886312,2,1,57,Male,Single,No,Renting,1
7721.073514407924,3,2,2002,22,7.3,163586.06820990634,16374.376824535168,147211.69138537117,4,3,9.99036909696563,69061.63858568823,46694.21881977844,1,0,50,Male,Divorced,No,Owned,1
4432.793238793059,4,1,2020,5,1.2,187094.59747853252,36763.664525857515,150330.932952675,2,0,5.0891172001349485,114595.96136168264,40733.71554085707,7,0,26,Male,Married,No,Renting,1
6277.5472757318885,1,13,1998,27,27.0,125966.95214928573,23088.825723292644,102878.12642599309,4,0,5.455753950371188,56227.58804927992,22869.028482007354,2,1,60,Female,Married,No,Owned,0
4490.977539761052,3,2,1989,35,11.7,170544.76830412445,34141.899277441546,136402.8690266829,5,1,4.995175192752322,67645.04485536719,39265.441609413305,2,1,65,Female,Married,No,Other,0
3255.9453322828986,4,2,1996,29,7.2,71251.42252103878,30093.91733151347,41157.50518952531,4,3,2.3676353508961885,40533.52815575181,18068.887040667618,4,2,56,Male,Married,No,Living with Family,1
5771.891525810924,5,1,2009,15,3.0,154856.69356472165,32809.41683698275,122047.27672773889,3,0,4.719885584499853,58644.773565444,45240.70438802854,6,0,46,Female,Married,No,Owned,1
6169.855101475299,5,2,2004,21,4.2,92083.08740975412,16262.658596645599,75820.42881310852,5,2,5.662240700837657,60614.7206560379,18408.314575886463,4,0,59,Male,Single,No,Renting,1
3246.171386510642,1,4,2003,22,22.0,32210.745891377435,9718.155468302106,22492.59042307533,4,2,3.3144917259699995,11023.785007787257,3943.2299154797906,2,1,43,Female,Single,No,Living with Family,1
4739.412521636932,3,2,2005,20,6.7,94380.08667792079,42117.87009386021,52262.216584060574,1,2,2.240856113274331,54987.71863606463,17757.91157664088,2,0,52,Female,Divorced,No,Owned,1
7051.1384423053605,2,5,2000,25,12.5,43756.738480053806,8599.94419722775,35156.79428282606,4,3,5.08802586116304,21870.470296111514,8567.311767438197,2,1,67,Female,Married,No,Renting,1
6030.178426194915,3,3,2012,13,4.3,498098.210851382,65457.32589397132,432640.8849574107,3,2,7.609510532987681,322753.60669408186,139168.05018285196,5,4,42,Male,Married,No,Renting,0
4517.1774973239235,5,2,2013,11,2.2,60013.942729791444,14557.095635342435,45456.84709444901,2,2,4.12265909582174,21033.568805189185,10740.104414621808,7,2,41,Female,Married,No,Living with Family,1
4173.711447548317,4,1,2018,7,1.8,121732.97650764036,48578.850449029196,73154.12605861116,2,0,2.5058842558526018,69528.75942746531,35383.49771909794,7,2,30,Female,Single,No,Owned,1
7962.366487702165,2,2,2020,4,2.0,96868.15362625167,31024.565876233,65843.58775001868,2,0,3.1223048861566665,51225.99675620831,19085.581795718914,4,0,24,Male,Single,No,Living with Family,1
3049.601895295713,1,17,2003,22,22.0,27076.460260634172,11553.995311035138,15522.464949599034,1,2,2.3434716331218897,13322.59474134418,7980.951833530698,2,1,53,Male,Married,Yes,Living with Family,1
5201.202138387096,2,10,1995,29,14.5,19552.668995729902,9460.301952814965,10092.367042914937,3,2,2.066812358976755,9709.130124317535,1987.3267114518708,7,2,62,Female,Married,No,Owned,1
2942.9546894590835,1,2,2011,14,14.0,118655.22885114171,49486.941917384545,69168.28693375716,5,0,2.3977078448134748,69863.10530632517,33195.35168362852,3,1,37,Female,Single,Yes,Owned,1
6972.221967266421,2,0,2024,0,0.0,293530.34332758543,100246.84434686258,193283.49898072286,2,1,2.9280756440765914,198161.3549685142,84015.45552041219,7,2,18,Female,Married,No,Renting,1
5039.314581687495,1,5,2019,5,5.0,46241.05821232313,13749.160657908338,32491.89755441479,3,3,3.3631913513008427,15560.146776214926,13511.830828028407,6,3,25,Female,Single,No,Renting,1
5647.261127154152,1,11,1987,38,38.0,24213.50021327827,2809.435153663675,21404.065059614593,4,3,8.618636447864755,7452.9410088142085,2484.6757539330224,6,1,63,Female,Married,No,Renting,1
9223.338464441415,2,3,2018,7,3.5,82543.172293901,40753.9407053585,41789.231588542505,1,0,2.0254034546172828,51365.123489689395,11088.863576265918,7,0,33,Male,Single,No,Owned,1
4209.79098639541,2,1,2015,10,5.0,37266.48278303927,9443.045339129285,27823.437443909985,3,3,3.946447511865436,12792.38188243669,8599.348998041189,3,0,31,Male,Married,No,Owned,1
7692.8638710878,1,7,2017,7,7.0,59041.90333856432,9499.32773044921,49542.57560811511,3,0,6.215377026030064,41015.153745029886,6204.9815744958805,6,1,29,Male,Single,No,Living with Family,1
4853.902128387717,5,4,1980,44,8.8,125059.43387257567,45857.23619274308,79202.19767983258,5,0,2.727147212861606,68499.96671567799,14096.92439746477,5,3,68,Female,Married,No,Renting,1
4799.731313622652,2,1,2010,15,7.5,75871.81357254529,16214.96858569795,59656.84498684734,3,0,4.679121835577672,42514.509592306276,10941.912375193951,7,2,40,Male,Single,No,Owned,1
9077.262884930899,3,2,2013,12,4.0,56075.9935787379,18746.83878159124,37329.154797146664,5,0,2.9912239728546997,21284.01801634797,11354.713194188185,5,1,32,Female,Single,No,Owned,1
4968.36443410749,4,2,2003,21,5.2,124092.43577480505,41534.62714504917,82557.80862975589,1,1,2.987686282615314,49156.106704995545,25957.71923250411,7,0,45,Female,Single,No,Owned,1
3128.442893557128,1,11,2005,19,19.0,113401.13736665613,31558.621196114134,81842.51617054199,1,2,3.593348919204981,63928.77092779859,12117.163795114026,1,0,51,Female,Married,No,Owned,1
5422.878182189468,1,0,2025,0,0.0,64100.798656185136,27848.428276714934,36252.3703794702,4,2,2.3017743773275026,42555.9263450747,8594.215233609459,1,0,19,Male,Married,No,Renting,1
5010.894762249493,4,4,1997,27,6.8,88790.60091824346,18289.693939443943,70500.90697879952,5,1,4.854679428328528,61527.9993442815,17752.893495352248,1,0,49,Female,Single,No,Owned,1
5730.64376260079,5,1,2007,18,3.6,124680.266693085,34842.27913735209,89837.9875557329,5,3,3.5784187998030124,47280.30050370503,27278.561673124554,6,5,40,Male,Married,No,Renting,1
4909.603310008346,4,2,2014,11,2.8,109377.05622110837,34462.17849352769,74914.8777275807,2,3,3.1738288466485187,38680.96067172554,14184.053762086965,5,4,39,Female,Divorced,No,Renting,0
8713.316924307146,2,10,1986,39,19.5,105443.3406344264,38534.257057559626,66909.08357686677,2,2,2.736353278510675,34011.861221773994,18955.36823525064,5,2,68,Male,Married,No,Renting,1
5985.103758253904,4,1,2009,15,3.8,251576.4883233129,104049.20287014147,147527.2854531714,4,3,2.4178607945444113,162850.19235724612,70662.87631903017,5,1,42,Male,Single,Yes,Owned,1
3487.553058411273,1,4,2014,10,10.0,109797.53500906468,28319.30008637008,81478.2349226946,1,2,3.877127424554875,45882.845988885114,32915.08938890283,3,0,39,Female,Married,No,Other,1
5316.820203035782,4,1,2011,13,3.2,58410.81006212603,20935.53114334989,37475.27891877614,2,2,2.7900323933591746,17565.579965103007,17373.88020855802,5,0,39,Male,Single,No,Owned,1
4080.555263749442,3,6,1996,28,9.3,53360.648905481234,8550.744165751788,44809.90473972945,3,1,6.240468416679581,20785.425995145924,14745.4096890141,3,0,66,Male,Single,No,Owned,1
5048.429236245569,2,18,1983,42,21.0,52830.43707132772,24991.926421293865,27838.51065003385,1,3,2.1139001524234087,23043.39154487318,9453.056695333627,1,0,69,Female,Other,No,Owned,1
3894.338934149766,4,5,1998,26,6.5,117866.40021925945,29846.54505597788,88019.85516328157,3,1,3.9490802033601646,82081.50905203671,27971.448079914193,1,0,59,Female,Single,No,Owned,1
8200.677784809035,1,2,2021,4,4.0,62185.28141216011,24364.726109937623,37820.55530222249,5,2,2.5522667946920463,31678.216961637412,11399.709124991832,6,3,23,Female,Married,No,Renting,0
4032.9230772326673,2,1,2018,7,3.5,53949.9442518237,5833.954518608476,48115.98973321522,1,2,9.247577107387515,20602.705699677696,12392.593813775711,7,2,32,Female,Married,No,Renting,1
6291.346527991205,1,12,1999,26,26.0,194024.9508397142,35327.06520999006,158697.88562972413,4,2,5.49224651655599,84192.73040121899,31410.019077584475,1,0,60,Female,Married,Yes,Renting,1
4724.780867185059,5,2,2003,21,4.2,90458.67884961268,26670.205265048782,63788.4735845639,5,0,3.3917503802701696,39089.28246699015,20013.118880410962,7,1,54,Male,Married,No,Renting,0
3442.3802411408146,3,6,2007,18,6.0,173590.34397923938,78341.4935876335,95248.85039160588,5,0,2.2158161151862603,53446.78283928777,35542.917913655634,7,3,50,Male,Single,No,Renting,1
5326.473954349261,5,1,2022,3,0.6,149121.6059661864,46362.21448245361,102759.3914837328,3,0,3.2164470060554042,52799.96744483898,15642.267907127345,6,0,25,Male,Single,No,Renting,1
5841.03775562856,3,7,2000,24,8.0,35187.50607101974,16606.679903493146,18580.826167526597,5,1,2.1188766373234063,20341.143679849196,9083.323252289838,2,0,61,Female,Married,No,Renting,1
6147.939799131771,4,4,1994,31,7.8,80480.5855586276,23622.56156723486,56858.023991392736,2,2,3.40693727602583,28015.323592874433,8239.56745705645,2,1,61,Female,Single,No,Other,1
1086.671268188586,2,1,2022,2,1.0,118754.32060285326,35172.61176954965,83581.70883330361,1,3,3.37632932637842,46586.57308411616,18838.139010881354,4,0,22,Male,Single,No,Renting,1
3397.7314294963635,4,1,1999,25,6.2,28144.94744248015,4162.601571749317,23982.34587073083,2,1,6.761383946398777,12392.077364626743,2847.841246417757,6,0,56,Male,Single,No,Renting,1
6446.332078532827,3,1,2023,1,0.3,121485.49365453747,51152.9853877455,70332.50826679196,3,1,2.3749443504355314,73267.16961322312,21289.152246994112,4,1,21,Female,Single,No,Renting,1
3654.589556086812,3,1,2021,4,1.3,69841.74040252698,13883.57173062373,55958.16867190325,3,1,5.030531174371603,37222.88092015324,7866.4222825979605,4,3,23,Male,Single,No,Owned,1
5674.416075465167,3,1,1987,37,12.3,22539.70945448825,10364.772598281177,12174.936856207072,1,3,2.174645824668269,12973.856626662111,6372.025300621791,2,1,62,Female,Single,No,Renting,1
3322.962957156822,1,6,2003,21,21.0,76504.56679792095,35523.34164196452,40981.22515595643,5,2,2.153642176150016,40302.98296951711,14010.729560452173,6,1,49,Female,Married,No,Renting,1
6417.40165323766,2,6,1992,32,16.0,47226.320188038146,22542.25817079689,24684.062017241256,4,0,2.0950128345712513,27081.31795706965,9062.690936563278,2,1,69,Female,Married,No,Owned,1
6546.904393993362,4,2,2009,15,3.8,37190.54782314498,11458.117535933128,25732.430287211853,3,2,3.245781665837682,11199.444847647772,6321.279169569598,4,1,47,Male,Married,No,Renting,1
6497.8648592585505,4,6,1985,40,10.0,89599.33733743704,33226.7955065084,56372.54183092864,1,2,2.6965988134452052,60242.94394696306,20204.76085207207,6,1,64,Female,Single,No,Renting,1
6718.835218530396,5,2,2007,17,3.4,21224.19565631193,8731.768909621042,12492.42674669089,4,1,2.430686826002254,7308.935769825654,5452.105833931973,4,2,52,Female,Single,No,Renting,1
7585.850217349299,3,7,2001,24,8.0,57602.53887294073,8778.963752788854,48823.57512015187,5,1,6.561428033535492,26641.153399124894,13227.233479663808,5,2,57,Female,Single,No,Renting,1
3548.888802586538,3,10,1993,31,10.3,483080.5952124536,164432.36330388437,318648.2319085692,3,1,2.93786810276321,293913.64849554596,120596.92754054796,7,1,69,Female,Married,No,Renting,0
3906.9921032729562,3,2,2016,9,3.0,119601.11078483469,13600.937915869352,106000.17286896534,1,0,8.793592877538693,56701.964164093704,33631.202377986185,6,4,33,Female,Married,No,Renting,1
6406.315355455692,4,1,2018,6,1.5,45660.42012462802,13653.672575380773,32006.747549247248,1,0,3.3441859596779326,30991.417517793838,12452.021499119366,6,1,30,Female,Single,Yes,Living with Family,1
7085.329657756221,5,1,1986,39,7.8,265194.2516434844,42944.78079424705,222249.47084923735,1,0,6.175238218447496,129159.03600260301,62270.71055274471,7,0,67,Male,Divorced,No,Owned,0
4208.485569642112,1,19,2002,22,22.0,35758.76348028592,6192.315405868607,29566.448074417312,3,2,5.7746999525244584,23242.32954989692,5110.913977906561,4,1,59,Female,Single,No,Owned,1
4094.170902011624,2,2,2004,21,10.5,49224.93008293481,12110.269387248998,37114.66069568581,4,1,4.064726267341678,30732.66190069473,11200.668659538907,5,0,47,Female,Married,No,Renting,1
4111.679765104242,1,6,2016,9,9.0,31545.813943529025,8611.21435575516,22934.599587773864,1,3,3.663340922694127,21842.148738753778,6347.5420299919715,3,1,36,Male,Married,No,Living with Family,1
2672.357553934081,4,2,2017,8,2.0,80016.42056169787,27947.25277769796,52069.16778399992,5,2,2.863122940854901,53660.54092654052,19479.50518086325,7,0,34,Female,Divorced,No,Renting,1
3242.883226738887,3,3,2009,15,5.0,193869.33139805173,25158.68822768096,168710.64317037078,1,0,7.705860084737889,127808.26635879154,51682.91349464747,2,1,36,Female,Married,No,Renting,1
3279.0610324547697,2,2,2010,15,7.5,32936.3793538923,9929.55110560788,23006.82824828442,4,3,3.317005875048161,19519.473044689053,8186.149332513769,4,2,45,Female,Married,No,Owned,1
4758.85228929155,4,5,2005,20,5.0,16750.744851593165,2898.717269302783,13852.027582290382,3,3,5.778674943217955,7484.2203858369,4511.180517016853,7,2,43,Male,Single,No,Renting,1
5656.254773750932,4,6,2000,25,6.2,190242.16655422206,62701.928993973175,127540.23756024888,1,1,3.034071991190381,65148.4617879709,21454.232102293645,7,1,54,Male,Married,No,Renting,1
5780.209247463558,4,1,2012,13,3.2,271576.7119811382,96399.37071791565,175177.34126322257,1,3,2.8172041991417913,156280.9972007583,28875.124401563487,6,1,43,Other,Single,No,Owned,0
4427.156620086478,2,9,2005,19,9.5,17146.64957039674,5532.944370922826,11613.705199473916,5,0,3.099009934115223,11856.250304455274,2601.1486866583855,2,0,40,Female,Divorced,No,Living with Family,1
4314.019325578682,2,2,2021,4,2.0,107151.97379513682,42359.1258562492,64792.847938887615,5,1,2.529607767609982,63288.43198990686,30016.827108028927,2,1,26,Male,Married,No,Renting,1
5275.492242726892,5,1,2016,9,1.8,96771.93310744721,22668.21544431329,74103.71766313392,1,3,4.269058292002607,64981.55449168534,25618.612898654963,2,1,29,Female,Married,No,Owned,1
2755.9781642758594,5,0,2025,0,0.0,36860.28583501538,14966.847648242174,21893.4381867732,1,1,2.4627955533004,22916.846397700745,8719.133252322106,7,2,18,Female,Married,No,Other,1
6439.160798124633,1,0,2024,0,0.0,31148.29990957999,8506.81353177421,22641.486377805777,5,3,3.6615707859630953,11376.7879009492,7480.318218487979,3,2,18,Female,Married,Yes,Renting,1
7158.077918521406,2,7,2002,23,11.5,195558.19071989608,57430.31685862464,138127.87386127145,4,2,3.405138634378403,78160.9926149321,47977.09151553239,1,0,64,Female,Married,No,Renting,1
4291.62904346794,2,8,2002,23,11.5,86637.98652971101,31123.904001579805,55514.0825281312,2,2,2.7836477880574813,37838.81491909652,24996.838666464446,4,1,51,Male,Married,No,Renting,1
4652.345760976831,2,1,2000,25,12.5,94294.83860944561,10121.924203479382,84172.91440596622,2,0,9.315900486296076,34634.88816011596,25123.7499407545,1,0,49,Male,Single,No,Renting,1
7274.968337267755,5,3,1984,41,8.2,58746.72376014062,21242.679522615494,37504.04423752513,1,2,2.7655044034156506,31292.0611941457,13199.100948295085,7,4,65,Male,Single,No,Renting,1
5015.422613515151,4,2,2004,20,5.0,43892.82025100538,15249.86072836603,28642.95952263935,5,2,2.8782440071312276,30293.95588314337,10233.307612712833,1,0,42,Female,Single,No,Living with Family,1
6202.3681689274445,3,8,1993,32,10.7,13834.107613857552,3097.9941041890993,10736.113509668452,3,2,4.465504822992113,8363.873662268565,1974.7919187392902,7,0,57,Male,Single,No,Owned,1
5231.541909298839,5,4,1988,37,7.4,68595.1749294936,9213.547085201877,59381.627844291725,3,3,7.44503439285247,32195.467724892944,15877.297452158105,1,0,62,Male,Divorced,No,Owned,1
7334.4610827204115,2,0,2024,0,0.0,276576.24911298644,37717.859170638956,238858.38994234748,2,3,7.332766365708372,83471.20771538754,51148.85057763957,2,1,18,Male,Single,No,Renting,1
